id,date,time,kickoff,home_team,away_team,fthg,ftag,ftr,total_goals,b365h,b365d,b365a,b365_home_prob_norm,b365_draw_prob_norm,b365_away_prob_norm,market_favorite_strength,rolling_home_goals_for_last5,rolling_home_goals_against_last5,rolling_away_goals_for_last5,rolling_away_goals_against_last5,rolling_home_points_last5,rolling_away_points_last5,rolling_home_win_rate_last5,rolling_away_win_rate_last5,rolling_goals_for_diff_last5,rolling_goals_against_diff_last5,rolling_points_diff_last5,rolling_win_rate_diff_last5
1,2025-08-15,20:00,2025-08-15 20:00:00,Liverpool,Bournemouth,4,2,H,6,1.3,6.0,8.5,0.730136005726557,0.15819613457408735,0.11166785969935578,0.730136005726557,,,,,,,,,,,,
2,2025-08-16,12:30,2025-08-16 12:30:00,Aston Villa,Newcastle,0,0,D,0,2.25,3.5,2.9,0.4134419551934827,0.26578411405295316,0.3207739307535642,0.4134419551934827,,,,,,,,,,,,
3,2025-08-16,15:00,2025-08-16 15:00:00,Brighton,Fulham,1,1,D,2,1.91,3.6,4.0,0.49799419006778256,0.2642135841748513,0.23779222575736617,0.49799419006778256,,,,,,,,,,,,
4,2025-08-16,15:00,2025-08-16 15:00:00,Sunderland,West Ham,3,0,H,3,3.25,3.4,2.25,0.2940893801057184,0.2811148486304661,0.4247957712638154,0.4247957712638154,,,,,,,,,,,,
5,2025-08-16,15:00,2025-08-16 15:00:00,Tottenham,Burnley,3,0,H,3,1.38,4.75,8.5,0.6882884418683941,0.19996590521650184,0.11174565291510398,0.6882884418683941,,,,,,,,,,,,
6,2025-08-16,17:30,2025-08-16 17:30:00,Wolves,Man City,0,4,A,4,6.25,4.75,1.45,0.1509175568337442,0.1985757326759792,0.6505067104902768,0.6505067104902768,,,,,,,,,,,,
7,2025-08-17,14:00,2025-08-17 14:00:00,Chelsea,Crystal Palace,0,0,D,0,1.62,4.33,4.5,0.5766567227786064,0.21574685702109522,0.2075964202002983,0.5766567227786064,,,,,,,,,,,,
8,2025-08-17,14:00,2025-08-17 14:00:00,Nottingham Forest,Brentford,3,1,H,4,2.2,3.3,3.5,0.4356846473029045,0.2904564315352697,0.2738589211618257,0.4356846473029045,,,,,,,,,,,,
9,2025-08-17,16:30,2025-08-17 16:30:00,Man United,Arsenal,0,1,A,1,3.6,3.6,1.95,0.25999999999999995,0.25999999999999995,0.48,0.48,,,,,,,,,,,,
10,2025-08-18,20:00,2025-08-18 20:00:00,Leeds,Everton,1,0,H,1,2.38,3.3,3.0,0.39768618944323936,0.28681610026512416,0.31549771029163654,0.39768618944323936,,,,,,,,,,,,
11,2025-08-22,20:00,2025-08-22 20:00:00,West Ham,Chelsea,1,5,A,6,4.75,3.8,1.73,0.20017356089094587,0.25021695111368236,0.5496094879953717,0.5496094879953717,0.0,3.0,0.0,0.0,0.0,1.0,0.0,0.0,0.0,3.0,-1.0,0.0
12,2025-08-23,12:30,2025-08-23 12:30:00,Man City,Tottenham,0,2,A,2,1.48,4.5,6.25,0.6386964914272737,0.2100601794027478,0.15124332916997843,0.6386964914272737,4.0,0.0,3.0,0.0,3.0,3.0,1.0,1.0,1.0,0.0,0.0,0.0
13,2025-08-23,15:00,2025-08-23 15:00:00,Bournemouth,Wolves,1,0,H,1,1.8,3.8,4.2,0.5256916996047432,0.24901185770750986,0.225296442687747,0.5256916996047432,2.0,4.0,0.0,4.0,0.0,0.0,0.0,0.0,2.0,0.0,0.0,0.0
14,2025-08-23,15:00,2025-08-23 15:00:00,Brentford,Aston Villa,1,0,H,1,3.1,3.6,2.2,0.30579150579150577,0.2633204633204633,0.43088803088803085,0.43088803088803085,1.0,3.0,0.0,0.0,0.0,1.0,0.0,0.0,1.0,3.0,-1.0,0.0
15,2025-08-23,15:00,2025-08-23 15:00:00,Burnley,Sunderland,2,0,H,2,2.2,3.2,3.5,0.4317656129529684,0.2968388589051658,0.27139552814186585,0.4317656129529684,0.0,3.0,3.0,0.0,0.0,3.0,0.0,1.0,-3.0,3.0,-3.0,-1.0
16,2025-08-23,17:30,2025-08-23 17:30:00,Arsenal,Leeds,5,0,H,5,1.27,6.25,9.5,0.7480079367578973,0.15199521274920477,0.09999685049289786,0.7480079367578973,1.0,0.0,1.0,0.0,3.0,3.0,1.0,1.0,0.0,0.0,0.0,0.0
17,2025-08-24,14:00,2025-08-24 14:00:00,Crystal Palace,Nottingham Forest,1,1,D,2,2.35,3.3,3.1,0.4048278591214879,0.2882865057380293,0.3068856351404828,0.4048278591214879,0.0,0.0,3.0,1.0,1.0,3.0,0.0,1.0,-3.0,-1.0,-2.0,-1.0
18,2025-08-24,14:00,2025-08-24 14:00:00,Everton,Brighton,2,0,H,2,3.1,3.3,2.3,0.30420841683366734,0.28577154308617236,0.41002004008016035,0.41002004008016035,0.0,1.0,1.0,1.0,0.0,1.0,0.0,0.0,-1.0,0.0,-1.0,0.0
19,2025-08-24,16:30,2025-08-24 16:30:00,Fulham,Man United,1,1,D,2,3.25,3.5,2.15,0.2906808305166586,0.269917914051183,0.43940125543215836,0.43940125543215836,1.0,1.0,0.0,1.0,1.0,0.0,0.0,0.0,1.0,0.0,1.0,0.0
20,2025-08-25,20:00,2025-08-25 20:00:00,Newcastle,Liverpool,2,3,A,5,3.25,3.8,2.05,0.290644529428225,0.24857755806361348,0.46077791250816164,0.46077791250816164,0.0,0.0,4.0,2.0,1.0,3.0,0.0,1.0,-4.0,-2.0,-2.0,-1.0
21,2025-08-30,12:30,2025-08-30 12:30:00,Chelsea,Fulham,2,0,H,2,1.55,4.33,5.25,0.6048853824355068,0.21652940941686735,0.17858520814762582,0.6048853824355068,2.5,0.5,1.0,1.0,4.0,2.0,0.5,0.0,1.5,-0.5,2.0,0.5
22,2025-08-30,15:00,2025-08-30 15:00:00,Man United,Burnley,3,2,H,5,1.33,5.25,8.0,0.7044320516583504,0.17845611975344877,0.11711182858820077,0.7044320516583504,0.5,1.0,1.0,1.5,1.0,3.0,0.0,0.5,-0.5,-0.5,-2.0,-0.5
23,2025-08-30,15:00,2025-08-30 15:00:00,Sunderland,Brentford,2,1,H,3,3.0,3.3,2.4,0.31654676258992803,0.2877697841726619,0.3956834532374101,0.3956834532374101,1.5,1.0,1.0,1.5,3.0,3.0,0.5,0.5,0.5,-0.5,0.0,0.0
24,2025-08-30,15:00,2025-08-30 15:00:00,Tottenham,Bournemouth,0,1,A,1,1.73,4.2,4.2,0.5483028720626633,0.2258485639686684,0.2258485639686684,0.5483028720626633,2.5,0.0,1.5,2.0,6.0,3.0,1.0,0.5,1.0,-2.0,3.0,0.5
25,2025-08-30,15:00,2025-08-30 15:00:00,Wolves,Everton,2,3,A,5,2.7,3.2,2.75,0.3539111200482606,0.2986125075407199,0.34747637241101953,0.3539111200482606,0.0,2.5,1.0,0.5,0.0,3.0,0.0,0.5,-1.0,2.0,-3.0,-0.5
26,2025-08-30,17:30,2025-08-30 17:30:00,Leeds,Newcastle,0,0,D,0,3.5,3.4,2.1,0.27055702917771884,0.2785145888594165,0.4509283819628648,0.4509283819628648,0.5,2.5,1.0,1.5,3.0,1.0,0.5,0.0,-0.5,1.0,2.0,0.5
27,2025-08-31,14:00,2025-08-31 14:00:00,Brighton,Man City,2,1,H,3,3.8,3.9,1.9,0.25161290322580643,0.2451612903225807,0.5032258064516129,0.5032258064516129,0.5,1.5,2.0,1.0,1.0,3.0,0.0,0.5,-1.5,0.5,-2.0,-0.5
28,2025-08-31,14:00,2025-08-31 14:00:00,Nottingham Forest,West Ham,0,3,A,3,1.67,3.75,5.25,0.5670771224886585,0.2525383452149492,0.1803845322963923,0.5670771224886585,2.0,1.0,0.5,4.0,4.0,0.0,0.5,0.0,1.5,-3.0,4.0,0.5
29,2025-08-31,16:30,2025-08-31 16:30:00,Liverpool,Arsenal,1,0,H,1,2.2,3.5,3.2,0.4317656129529684,0.27139552814186585,0.2968388589051658,0.4317656129529684,3.5,2.0,3.0,0.0,6.0,6.0,1.0,1.0,0.5,2.0,0.0,0.0
30,2025-08-31,19:00,2025-08-31 19:00:00,Aston Villa,Crystal Palace,0,3,A,3,1.85,3.7,4.0,0.5095541401273885,0.25477707006369427,0.2356687898089172,0.5095541401273885,0.0,0.5,0.5,0.5,1.0,2.0,0.0,0.0,-0.5,0.0,-1.0,0.0
31,2025-09-13,12:30,2025-09-13 12:30:00,Arsenal,Nottingham Forest,3,0,H,3,1.38,5.0,8.0,0.6903693476009666,0.19054193993786675,0.11908871246116672,0.6903693476009666,2.0,0.3333333333333333,1.3333333333333333,1.6666666666666667,6.0,4.0,0.6666666666666666,0.3333333333333333,0.6666666666666667,-1.3333333333333335,2.0,0.3333333333333333
32,2025-09-13,15:00,2025-09-13 15:00:00,Bournemouth,Brighton,2,1,H,3,2.35,3.5,2.9,0.40293767368003175,0.2705438666137356,0.3265184597062326,0.40293767368003175,1.3333333333333333,1.3333333333333333,1.0,1.3333333333333333,6.0,4.0,0.6666666666666666,0.3333333333333333,0.33333333333333326,0.0,2.0,0.3333333333333333
33,2025-09-13,15:00,2025-09-13 15:00:00,Crystal Palace,Sunderland,0,0,D,0,1.65,3.75,5.75,0.5790533736153071,0.2547834843907351,0.16616314199395768,0.5790533736153071,1.3333333333333333,0.3333333333333333,1.6666666666666667,1.0,5.0,6.0,0.3333333333333333,0.6666666666666666,-0.3333333333333335,-0.6666666666666667,-1.0,-0.3333333333333333
34,2025-09-13,15:00,2025-09-13 15:00:00,Everton,Aston Villa,0,0,D,0,2.45,3.3,2.9,0.3865105008077544,0.28695476575121165,0.32653473344103395,0.3865105008077544,1.6666666666666667,1.0,0.0,1.3333333333333333,6.0,1.0,0.6666666666666666,0.0,1.6666666666666667,-0.33333333333333326,5.0,0.6666666666666666
35,2025-09-13,15:00,2025-09-13 15:00:00,Fulham,Leeds,1,0,H,1,1.91,3.5,4.0,0.4942630185348632,0.26972639011473964,0.23601059135039718,0.4942630185348632,0.6666666666666666,1.3333333333333333,0.3333333333333333,1.6666666666666667,2.0,4.0,0.0,0.3333333333333333,0.3333333333333333,-0.3333333333333335,-2.0,-0.3333333333333333
36,2025-09-13,15:00,2025-09-13 15:00:00,Newcastle,Wolves,1,0,H,1,1.42,4.75,7.0,0.6658656253129068,0.1990587764093321,0.13507559827776108,0.6658656253129068,0.6666666666666666,1.0,0.6666666666666666,2.6666666666666665,2.0,0.0,0.0,0.0,0.0,-1.6666666666666665,2.0,0.0
37,2025-09-13,17:30,2025-09-13 17:30:00,West Ham,Tottenham,0,3,A,3,3.4,3.6,2.1,0.28062360801781744,0.26503340757238314,0.4543429844097996,0.4543429844097996,1.3333333333333333,2.6666666666666665,1.6666666666666667,0.3333333333333333,3.0,6.0,0.3333333333333333,0.6666666666666666,-0.3333333333333335,2.333333333333333,-3.0,-0.3333333333333333
38,2025-09-13,20:00,2025-09-13 20:00:00,Brentford,Chelsea,2,2,D,4,4.5,3.9,1.73,0.21030484383766596,0.24265943519730693,0.5470357209650272,0.5470357209650272,1.0,1.6666666666666667,2.3333333333333335,0.3333333333333333,3.0,7.0,0.3333333333333333,0.6666666666666666,-1.3333333333333335,1.3333333333333335,-4.0,-0.3333333333333333
39,2025-09-14,14:00,2025-09-14 14:00:00,Burnley,Liverpool,0,1,A,1,8.0,5.5,1.33,0.11806956662093454,0.17173755144863206,0.7101928819304333,0.7101928819304333,1.3333333333333333,2.0,2.6666666666666665,1.3333333333333333,3.0,9.0,0.3333333333333333,1.0,-1.3333333333333333,0.6666666666666667,-6.0,-0.6666666666666667
40,2025-09-14,16:30,2025-09-14 16:30:00,Man City,Man United,3,0,H,3,1.75,4.0,4.2,0.5393258426966292,0.23595505617977527,0.2247191011235955,0.5393258426966292,1.6666666666666667,1.3333333333333333,1.3333333333333333,1.3333333333333333,3.0,4.0,0.3333333333333333,0.3333333333333333,0.3333333333333335,0.0,-1.0,0.0
41,2025-09-20,12:30,2025-09-20 12:30:00,Liverpool,Everton,2,1,H,3,1.45,4.75,6.5,0.6543046357615894,0.1997350993377483,0.14596026490066225,0.6543046357615894,2.25,1.0,1.25,0.75,12.0,7.0,1.0,0.5,1.0,0.25,5.0,0.5
42,2025-09-20,15:00,2025-09-20 15:00:00,Brighton,Tottenham,2,2,D,4,2.25,3.7,3.0,0.4240687679083095,0.25787965616045844,0.3180515759312321,0.4240687679083095,1.0,1.5,2.0,0.25,4.0,9.0,0.25,0.75,-1.0,1.25,-5.0,-0.5
43,2025-09-20,15:00,2025-09-20 15:00:00,Burnley,Nottingham Forest,1,1,D,2,3.4,3.3,2.2,0.2796610169491525,0.288135593220339,0.43220338983050843,0.43220338983050843,1.0,1.75,1.0,2.0,3.0,4.0,0.25,0.25,0.0,-0.25,-1.0,0.0
44,2025-09-20,15:00,2025-09-20 15:00:00,West Ham,Crystal Palace,1,2,A,3,2.88,3.5,2.38,0.32971295577967413,0.27130666075584614,0.39898038346447967,0.39898038346447967,1.0,2.75,1.0,0.25,3.0,6.0,0.25,0.25,0.0,2.5,-3.0,0.0
45,2025-09-20,15:00,2025-09-20 15:00:00,Wolves,Leeds,1,3,A,4,2.7,3.2,2.75,0.3539111200482606,0.2986125075407199,0.34747637241101953,0.3539111200482606,0.5,2.25,0.25,1.5,0.0,4.0,0.0,0.25,0.25,0.75,-4.0,-0.25
46,2025-09-20,17:30,2025-09-20 17:30:00,Man United,Chelsea,2,1,H,3,2.6,3.8,2.45,0.3642410015649452,0.2492175273865415,0.3865414710485133,0.3865414710485133,1.0,1.75,2.25,0.75,4.0,8.0,0.25,0.5,-1.25,1.0,-4.0,-0.25
47,2025-09-20,20:00,2025-09-20 20:00:00,Fulham,Brentford,3,1,H,4,2.0,3.4,3.8,0.47291361639824303,0.2781844802342606,0.24890190336749632,0.47291361639824303,0.75,1.0,1.25,1.75,5.0,4.0,0.25,0.25,-0.5,-0.75,1.0,0.0
48,2025-09-21,14:00,2025-09-21 14:00:00,Bournemouth,Newcastle,0,0,D,0,2.5,3.5,2.7,0.3787575150300601,0.2705410821643286,0.3507014028056112,0.3787575150300601,1.5,1.25,0.75,0.75,9.0,5.0,0.75,0.25,0.75,0.5,4.0,0.5
49,2025-09-21,14:00,2025-09-21 14:00:00,Sunderland,Aston Villa,1,1,D,2,3.4,3.5,2.1,0.2785145888594165,0.27055702917771884,0.4509283819628648,0.4509283819628648,1.25,0.75,0.0,1.0,7.0,2.0,0.5,0.0,1.25,-0.25,5.0,0.5
50,2025-09-21,16:30,2025-09-21 16:30:00,Arsenal,Man City,1,1,D,2,1.85,3.9,3.8,0.509891622226045,0.2418716669533804,0.24823671082057458,0.509891622226045,2.25,0.25,2.0,1.0,9.0,6.0,0.75,0.5,0.25,-0.75,3.0,0.25
51,2025-09-27,12:30,2025-09-27 12:30:00,Brentford,Man United,3,1,H,4,3.4,3.8,2.0,0.2781844802342606,0.24890190336749632,0.47291361639824303,0.47291361639824303,1.2,2.0,1.2,1.6,4.0,7.0,0.2,0.4,0.0,0.3999999999999999,-3.0,-0.2
52,2025-09-27,15:00,2025-09-27 15:00:00,Chelsea,Brighton,1,3,A,4,1.85,3.8,3.8,0.5066666666666666,0.24666666666666667,0.24666666666666667,0.5066666666666666,2.0,1.0,1.2,1.6,8.0,5.0,0.4,0.2,0.8,-0.6000000000000001,3.0,0.2
53,2025-09-27,15:00,2025-09-27 15:00:00,Crystal Palace,Liverpool,2,1,H,3,3.8,3.8,1.9,0.25,0.25,0.5,0.5,1.2,0.4,2.2,1.0,9.0,15.0,0.4,1.0,-1.0000000000000002,-0.6,-6.0,-0.6
54,2025-09-27,15:00,2025-09-27 15:00:00,Leeds,Bournemouth,2,2,D,4,3.1,3.25,2.38,0.30709067810068286,0.2929172621883437,0.39999205971097346,0.39999205971097346,0.8,1.4,1.2,1.0,7.0,10.0,0.4,0.6,-0.3999999999999999,0.3999999999999999,-3.0,-0.19999999999999996
55,2025-09-27,15:00,2025-09-27 15:00:00,Man City,Burnley,5,1,H,6,1.17,7.5,15.0,0.8103727714748785,0.12641815235008103,0.06320907617504051,0.8103727714748785,1.8,1.0,1.0,1.6,7.0,4.0,0.4,0.2,0.8,-0.6000000000000001,3.0,0.2
56,2025-09-27,17:30,2025-09-27 17:30:00,Nottingham Forest,Sunderland,0,1,A,1,1.75,3.75,4.5,0.5389221556886228,0.251497005988024,0.20958083832335334,0.5389221556886228,1.0,1.8,1.2,0.8,5.0,8.0,0.2,0.4,-0.19999999999999996,1.0,-3.0,-0.2
57,2025-09-27,20:00,2025-09-27 20:00:00,Tottenham,Wolves,1,1,D,2,1.5,4.5,6.0,0.631578947368421,0.21052631578947367,0.15789473684210525,0.631578947368421,2.0,0.6,0.6,2.4,10.0,0.0,0.6,0.0,1.4,-1.7999999999999998,10.0,0.6
58,2025-09-28,14:00,2025-09-28 14:00:00,Aston Villa,Fulham,3,1,H,4,2.3,3.1,3.4,0.41349548842683403,0.3067869752844252,0.27971753628874063,0.41349548842683403,0.2,1.0,1.2,1.0,3.0,8.0,0.0,0.4,-1.0,0.0,-5.0,-0.4
59,2025-09-28,16:30,2025-09-28 16:30:00,Newcastle,Arsenal,1,2,A,3,3.6,3.4,2.1,0.26503340757238314,0.28062360801781744,0.4543429844097996,0.4543429844097996,0.6,0.6,2.0,0.4,6.0,10.0,0.2,0.6,-1.4,0.19999999999999996,-4.0,-0.39999999999999997
60,2025-09-29,20:00,2025-09-29 20:00:00,Everton,West Ham,1,1,D,2,1.7,3.75,5.0,0.5576208178438662,0.2527881040892193,0.1895910780669145,0.5576208178438662,1.2,1.0,1.0,2.6,7.0,3.0,0.4,0.2,0.19999999999999996,-1.6,4.0,0.2
61,2025-10-03,20:00,2025-10-03 20:00:00,Bournemouth,Fulham,3,1,H,4,1.95,3.5,3.9,0.48611111111111116,0.2708333333333333,0.24305555555555558,0.48611111111111116,1.2,0.6,1.2,1.4,11.0,7.0,0.6,0.4,0.0,-0.7999999999999999,4.0,0.19999999999999996
62,2025-10-04,12:30,2025-10-04 12:30:00,Leeds,Tottenham,1,2,A,3,2.7,3.5,2.5,0.3507014028056112,0.2705410821643286,0.3787575150300601,0.3787575150300601,1.0,1.8,1.6,0.8,5.0,8.0,0.2,0.4,-0.6000000000000001,1.0,-3.0,-0.2
63,2025-10-04,15:00,2025-10-04 15:00:00,Arsenal,West Ham,2,0,H,2,1.18,6.5,17.0,0.7993923171525718,0.1451204514215438,0.05548723142588439,0.7993923171525718,2.2,0.6,1.2,2.2,10.0,4.0,0.6,0.2,1.0000000000000002,-1.6,6.0,0.39999999999999997
64,2025-10-04,15:00,2025-10-04 15:00:00,Man United,Sunderland,2,0,H,2,1.5,4.75,5.75,0.6342525399129173,0.20029027576197386,0.16545718432510886,0.6342525399129173,1.4,2.0,0.8,0.8,7.0,8.0,0.4,0.4,0.5999999999999999,1.2,-1.0,0.0
65,2025-10-04,17:30,2025-10-04 17:30:00,Chelsea,Liverpool,2,1,H,3,2.8,3.75,2.3,0.3373753178173283,0.2519069039702718,0.41071777821239974,0.41071777821239974,2.2,1.6,1.6,1.0,7.0,12.0,0.4,0.8,0.6000000000000001,0.6000000000000001,-5.0,-0.4
66,2025-10-05,14:00,2025-10-05 14:00:00,Aston Villa,Burnley,2,1,H,3,1.6,4.0,5.75,0.5958549222797929,0.2383419689119171,0.16580310880829016,0.5958549222797929,0.8,1.2,1.2,2.0,5.0,4.0,0.2,0.2,-0.3999999999999999,-0.8,1.0,0.0
67,2025-10-05,14:00,2025-10-05 14:00:00,Everton,Crystal Palace,2,1,H,3,2.45,3.25,3.0,0.38902743142144636,0.2932668329177058,0.31770573566084787,0.38902743142144636,1.4,1.0,1.6,0.6,8.0,11.0,0.4,0.6,-0.20000000000000018,0.4,-3.0,-0.19999999999999996
68,2025-10-05,14:00,2025-10-05 14:00:00,Newcastle,Nottingham Forest,2,0,H,2,1.57,4.2,5.5,0.6026768243366641,0.22528633671632445,0.1720368389470114,0.6026768243366641,0.8,1.0,0.4,1.8,5.0,2.0,0.2,0.0,0.4,-0.8,3.0,0.2
69,2025-10-05,14:00,2025-10-05 14:00:00,Wolves,Brighton,1,1,D,2,3.6,3.7,2.0,0.26504297994269344,0.2578796561604584,0.47707736389684813,0.47707736389684813,0.8,1.8,1.6,1.6,1.0,7.0,0.0,0.4,-0.8,0.19999999999999996,-6.0,-0.4
70,2025-10-05,16:30,2025-10-05 16:30:00,Brentford,Man City,0,1,A,1,4.75,4.5,1.62,0.2004950495049505,0.21163366336633663,0.5878712871287128,0.5878712871287128,1.6,1.6,2.0,1.2,7.0,7.0,0.4,0.4,-0.3999999999999999,0.40000000000000013,0.0,0.0
71,2025-10-18,12:30,2025-10-18 12:30:00,Nottingham Forest,Chelsea,0,3,A,3,3.7,3.8,1.95,0.25832316541746553,0.25152518738016383,0.49015164720237064,0.49015164720237064,0.2,2.0,1.6,1.6,1.0,7.0,0.0,0.4,-1.4000000000000001,0.3999999999999999,-6.0,-0.4
72,2025-10-18,15:00,2025-10-18 15:00:00,Brighton,Newcastle,2,1,H,3,2.63,3.4,2.6,0.3590576766856215,0.27774167343623074,0.3632006498781478,0.3632006498781478,1.8,1.4,0.8,0.4,8.0,8.0,0.4,0.4,1.0,0.9999999999999999,0.0,0.0
73,2025-10-18,15:00,2025-10-18 15:00:00,Burnley,Leeds,2,0,H,2,3.25,3.25,2.25,0.2903225806451613,0.2903225806451613,0.4193548387096774,0.4193548387096774,1.0,2.4,1.2,1.2,1.0,5.0,0.0,0.2,-0.19999999999999996,1.2,-4.0,-0.2
74,2025-10-18,15:00,2025-10-18 15:00:00,Crystal Palace,Bournemouth,3,3,D,6,2.2,3.4,3.25,0.43029595015576316,0.27842679127725856,0.29127725856697817,0.43029595015576316,1.6,0.8,1.6,0.8,10.0,11.0,0.6,0.6,0.0,0.0,-1.0,0.0
75,2025-10-18,15:00,2025-10-18 15:00:00,Man City,Everton,2,0,H,2,1.4,5.0,7.0,0.6756756756756757,0.1891891891891892,0.13513513513513511,0.6756756756756757,2.2,0.8,1.4,1.2,10.0,8.0,0.6,0.4,0.8000000000000003,-0.3999999999999999,2.0,0.19999999999999996
76,2025-10-18,15:00,2025-10-18 15:00:00,Sunderland,Wolves,2,0,H,2,2.5,3.0,3.1,0.3788187372708758,0.3156822810590631,0.3054989816700611,0.3788187372708758,0.8,0.8,1.0,1.8,8.0,2.0,0.4,0.0,-0.19999999999999996,-1.0,6.0,0.4
77,2025-10-18,17:30,2025-10-18 17:30:00,Fulham,Arsenal,0,1,A,1,5.75,4.1,1.55,0.16360944841346464,0.2294522752140053,0.6069382763725301,0.6069382763725301,1.2,1.8,1.6,0.6,6.0,10.0,0.4,0.6,-0.40000000000000013,1.2000000000000002,-4.0,-0.19999999999999996
78,2025-10-19,14:00,2025-10-19 14:00:00,Tottenham,Aston Villa,1,2,A,3,2.05,3.5,3.5,0.4605263157894737,0.2697368421052631,0.2697368421052631,0.4605263157894737,1.6,1.0,1.2,1.2,8.0,8.0,0.4,0.4,0.40000000000000013,-0.19999999999999996,0.0,0.0
79,2025-10-19,16:30,2025-10-19 16:30:00,Liverpool,Man United,1,2,A,3,1.6,4.5,5.0,0.5968169761273209,0.21220159151193632,0.19098143236074272,0.5968169761273209,1.2,1.0,1.6,1.8,9.0,9.0,0.6,0.6,-0.40000000000000013,-0.8,0.0,0.0
80,2025-10-20,20:00,2025-10-20 20:00:00,West Ham,Brentford,0,2,A,2,2.5,3.25,2.88,0.3791776382418473,0.29167510633988253,0.32914725541827017,0.3791776382418473,1.0,1.6,1.4,1.8,4.0,4.0,0.2,0.2,-0.3999999999999999,-0.19999999999999996,0.0,0.0
81,2025-10-24,20:00,2025-10-24 20:00:00,Leeds,West Ham,2,1,H,3,1.8,3.5,4.75,0.5281969817315331,0.27164416203335984,0.20015885623510724,0.5281969817315331,1.2,1.6,0.4,2.0,4.0,1.0,0.2,0.0,0.7999999999999999,-0.3999999999999999,3.0,0.2
82,2025-10-25,15:00,2025-10-25 15:00:00,Chelsea,Sunderland,1,2,A,3,1.36,4.75,9.0,0.6956875508543532,0.19918633034987795,0.10512611879576893,0.6956875508543532,1.8,1.6,0.8,0.6,7.0,8.0,0.4,0.4,1.0,1.0,-1.0,0.0
83,2025-10-25,15:00,2025-10-25 15:00:00,Newcastle,Fulham,2,1,H,3,1.62,3.9,5.5,0.5848192376901684,0.24292491411745462,0.17225584819237688,0.5848192376901684,1.0,0.8,1.2,1.6,7.0,6.0,0.4,0.4,-0.19999999999999996,-0.8,1.0,0.0
84,2025-10-25,17:30,2025-10-25 17:30:00,Man United,Brighton,4,2,H,6,1.95,3.8,3.5,0.483021608861449,0.24786635191574355,0.2691120392228073,0.483021608861449,1.4,1.6,1.8,1.4,9.0,8.0,0.6,0.4,-0.40000000000000013,0.20000000000000018,1.0,0.19999999999999996
85,2025-10-25,20:00,2025-10-25 20:00:00,Brentford,Liverpool,3,2,H,5,4.1,4.2,1.75,0.23153252480705624,0.22601984564498345,0.5424476295479603,0.5424476295479603,1.6,1.4,1.2,1.4,7.0,6.0,0.4,0.4,0.40000000000000013,0.0,1.0,0.0
86,2025-10-26,14:00,2025-10-26 14:00:00,Arsenal,Crystal Palace,1,0,H,1,1.4,4.75,7.5,0.6750355281856939,0.19895783988630977,0.1260066319279962,0.6750355281856939,1.8,0.4,1.6,1.4,13.0,8.0,0.8,0.4,0.19999999999999996,-0.9999999999999999,5.0,0.4
87,2025-10-26,14:00,2025-10-26 14:00:00,Aston Villa,Man City,1,0,H,1,4.33,3.8,1.8,0.22002058672156458,0.2507076685537828,0.5292717447246527,0.5292717447246527,1.6,0.8,2.4,0.4,11.0,13.0,0.6,0.8,-0.7999999999999998,0.4,-2.0,-0.20000000000000007
88,2025-10-26,14:00,2025-10-26 14:00:00,Bournemouth,Nottingham Forest,2,0,H,2,1.8,3.8,4.33,0.5292717447246527,0.2507076685537828,0.22002058672156458,0.5292717447246527,2.0,1.4,0.2,2.0,9.0,1.0,0.4,0.0,1.8,-0.6000000000000001,8.0,0.4
89,2025-10-26,14:00,2025-10-26 14:00:00,Wolves,Burnley,2,3,A,5,1.95,3.3,4.2,0.48657187993680884,0.287519747235387,0.22590837282780407,0.48657187993680884,0.6,1.6,1.0,1.8,2.0,4.0,0.0,0.2,-0.4,-0.19999999999999996,-2.0,-0.2
90,2025-10-26,16:30,2025-10-26 16:30:00,Everton,Tottenham,0,3,A,3,2.35,3.4,3.0,0.4041204437400951,0.2793185419968304,0.3165610142630745,0.4041204437400951,0.8,1.2,1.8,1.2,5.0,8.0,0.2,0.4,-1.0,0.0,-3.0,-0.2
91,2025-11-01,15:00,2025-11-01 15:00:00,Brighton,Leeds,3,0,H,3,1.85,3.75,4.0,0.5112910097997443,0.25223689816787387,0.23647209203238176,0.5112910097997443,2.0,1.8,1.6,1.6,8.0,7.0,0.4,0.4,0.3999999999999999,0.19999999999999996,1.0,0.0
92,2025-11-01,15:00,2025-11-01 15:00:00,Burnley,Arsenal,0,2,A,2,10.0,6.0,1.27,0.09487051792828687,0.15811752988047809,0.7470119521912351,0.7470119521912351,1.6,2.0,1.4,0.4,7.0,13.0,0.4,0.8,0.20000000000000018,1.6,-6.0,-0.4
93,2025-11-01,15:00,2025-11-01 15:00:00,Crystal Palace,Brentford,2,0,H,2,1.91,3.6,3.9,0.4949762030671602,0.2626123744050767,0.24241142252776313,0.4949762030671602,1.6,1.6,1.8,1.4,7.0,9.0,0.4,0.6,-0.19999999999999996,0.20000000000000018,-2.0,-0.19999999999999996
94,2025-11-01,15:00,2025-11-01 15:00:00,Fulham,Wolves,3,0,H,3,1.83,3.5,4.5,0.5182625863770978,0.27097729516288255,0.21076011846001974,0.5182625863770978,1.2,2.0,1.0,2.0,3.0,2.0,0.2,0.0,0.19999999999999996,0.0,1.0,0.2
95,2025-11-01,15:00,2025-11-01 15:00:00,Nottingham Forest,Man United,2,2,D,4,3.3,3.75,2.05,0.28655297735532564,0.2521666200726866,0.4612804025719877,0.4612804025719877,0.2,1.8,2.2,1.4,1.0,12.0,0.0,0.8,-2.0,0.40000000000000013,-11.0,-0.8
96,2025-11-01,17:30,2025-11-01 17:30:00,Tottenham,Chelsea,0,1,A,1,2.7,3.5,2.5,0.3507014028056112,0.2705410821643286,0.3787575150300601,0.3787575150300601,1.8,1.2,1.6,1.6,8.0,6.0,0.4,0.4,0.19999999999999996,-0.40000000000000013,2.0,0.0
97,2025-11-01,20:00,2025-11-01 20:00:00,Liverpool,Aston Villa,2,0,H,2,1.65,4.33,4.5,0.5721710787120646,0.2180328590935119,0.20979606219442365,0.5721710787120646,1.4,2.0,1.8,0.8,3.0,13.0,0.2,0.8,-0.40000000000000013,1.2,-10.0,-0.6000000000000001
98,2025-11-02,14:00,2025-11-02 14:00:00,West Ham,Newcastle,3,1,H,4,5.25,4.0,1.62,0.18007503126302626,0.236348478532722,0.5835764902042518,0.5835764902042518,0.6,1.8,1.2,1.0,1.0,7.0,0.0,0.4,-0.6,0.8,-6.0,-0.4
99,2025-11-02,16:30,2025-11-02 16:30:00,Man City,Bournemouth,3,1,H,4,1.5,4.75,5.75,0.6342525399129173,0.20029027576197386,0.16545718432510886,0.6342525399129173,1.8,0.6,2.0,1.2,10.0,9.0,0.6,0.4,-0.19999999999999996,-0.6,1.0,0.19999999999999996
100,2025-11-03,20:00,2025-11-03 20:00:00,Sunderland,Everton,1,1,D,2,2.7,3.2,2.7,0.3516483516483516,0.2967032967032967,0.3516483516483516,0.3516483516483516,1.2,0.8,0.8,1.8,10.0,4.0,0.6,0.2,0.3999999999999999,-1.0,6.0,0.39999999999999997
101,2025-11-08,12:30,2025-11-08 12:30:00,Tottenham,Man United,2,2,D,4,2.63,3.6,2.5,0.35938186319530413,0.26254841672323603,0.37806972008145995,0.37806972008145995,1.4,1.0,2.2,1.6,7.0,10.0,0.4,0.6,-0.8000000000000003,-0.6000000000000001,-3.0,-0.19999999999999996
102,2025-11-08,15:00,2025-11-08 15:00:00,Everton,Fulham,2,0,H,2,2.2,3.3,3.4,0.43220338983050843,0.288135593220339,0.2796610169491525,0.43220338983050843,0.8,1.6,1.2,1.8,5.0,3.0,0.2,0.2,-0.3999999999999999,-0.19999999999999996,2.0,0.0
103,2025-11-08,15:00,2025-11-08 15:00:00,West Ham,Burnley,3,2,H,5,1.91,3.5,4.0,0.4942630185348632,0.26972639011473964,0.23601059135039718,0.4942630185348632,1.0,1.6,1.4,2.2,4.0,6.0,0.2,0.4,-0.3999999999999999,-0.6000000000000001,-2.0,-0.2
104,2025-11-08,17:30,2025-11-08 17:30:00,Sunderland,Arsenal,2,2,D,4,7.5,5.0,1.38,0.12602739726027393,0.18904109589041093,0.684931506849315,0.684931506849315,1.2,0.8,1.6,0.2,10.0,15.0,0.6,1.0,-0.40000000000000013,0.6000000000000001,-5.0,-0.4
105,2025-11-08,20:00,2025-11-08 20:00:00,Chelsea,Wolves,3,0,H,3,1.36,4.75,8.5,0.6914119359534208,0.19796215429403205,0.11062590975254732,0.6914119359534208,1.6,1.2,0.8,2.0,9.0,2.0,0.6,0.0,0.8,-0.8,7.0,0.6
106,2025-11-09,14:00,2025-11-09 14:00:00,Aston Villa,Bournemouth,4,0,H,4,2.2,3.4,3.25,0.43029595015576316,0.27842679127725856,0.29127725856697817,0.43029595015576316,1.6,1.0,2.2,1.8,12.0,8.0,0.8,0.4,-0.6000000000000001,-0.8,4.0,0.4
107,2025-11-09,14:00,2025-11-09 14:00:00,Brentford,Newcastle,3,1,H,4,2.8,3.5,2.45,0.33980582524271846,0.27184466019417475,0.3883495145631068,0.3883495145631068,1.6,1.2,1.4,1.6,9.0,6.0,0.6,0.4,0.20000000000000018,-0.40000000000000013,3.0,0.19999999999999996
108,2025-11-09,14:00,2025-11-09 14:00:00,Crystal Palace,Brighton,0,0,D,0,2.25,3.5,3.1,0.42217898832684825,0.2714007782101167,0.306420233463035,0.42217898832684825,1.6,1.4,2.2,1.4,7.0,10.0,0.4,0.6,-0.6000000000000001,0.0,-3.0,-0.19999999999999996
109,2025-11-09,14:00,2025-11-09 14:00:00,Nottingham Forest,Leeds,3,1,H,4,2.25,3.25,3.3,0.4212076583210604,0.2916053019145803,0.2871870397643594,0.4212076583210604,0.4,2.0,1.0,2.0,1.0,4.0,0.0,0.2,-0.6,0.0,-3.0,-0.2
110,2025-11-09,16:30,2025-11-09 16:30:00,Man City,Liverpool,3,0,H,3,1.9,3.9,3.7,0.49982680983720124,0.24350536889504681,0.25666782126775195,0.49982680983720124,2.2,0.6,1.4,1.8,12.0,3.0,0.8,0.2,0.8000000000000003,-1.2000000000000002,9.0,0.6000000000000001
111,2025-11-22,12:30,2025-11-22 12:30:00,Burnley,Chelsea,0,2,A,2,6.25,4.5,1.48,0.15124332916997843,0.2100601794027478,0.6386964914272737,0.6386964914272737,1.6,1.8,2.0,0.6,6.0,12.0,0.4,0.8,-0.3999999999999999,1.2000000000000002,-6.0,-0.4
112,2025-11-22,15:00,2025-11-22 15:00:00,Bournemouth,West Ham,2,2,D,4,1.62,4.2,4.75,0.579116955499434,0.22337368283549597,0.1975093616650701,0.579116955499434,1.8,2.2,1.4,1.8,7.0,6.0,0.4,0.4,0.40000000000000013,0.40000000000000013,1.0,0.0
113,2025-11-22,15:00,2025-11-22 15:00:00,Brighton,Brentford,2,1,H,3,1.91,3.6,4.0,0.49799419006778256,0.2642135841748513,0.23779222575736617,0.49799419006778256,1.6,1.2,1.6,1.2,8.0,9.0,0.4,0.6,0.0,0.0,-1.0,-0.19999999999999996
114,2025-11-22,15:00,2025-11-22 15:00:00,Fulham,Sunderland,1,0,H,1,2.1,3.25,3.75,0.4532775453277545,0.2928870292887029,0.25383542538354253,0.4532775453277545,1.0,1.6,1.4,1.2,3.0,8.0,0.2,0.4,-0.3999999999999999,0.40000000000000013,-5.0,-0.2
115,2025-11-22,15:00,2025-11-22 15:00:00,Liverpool,Nottingham Forest,0,3,A,3,1.44,5.0,6.25,0.6585879873551107,0.1896733403582719,0.15173867228661753,0.6585879873551107,1.2,2.0,1.0,2.0,3.0,4.0,0.2,0.2,0.19999999999999996,0.0,-1.0,0.0
116,2025-11-22,15:00,2025-11-22 15:00:00,Wolves,Crystal Palace,0,2,A,2,3.8,3.6,1.95,0.2497331910352187,0.263607257203842,0.4866595517609391,0.4866595517609391,0.6,2.4,1.2,1.2,1.0,5.0,0.0,0.2,-0.6,1.2,-4.0,-0.2
117,2025-11-22,17:30,2025-11-22 17:30:00,Newcastle,Man City,2,1,H,3,3.6,3.8,1.95,0.263607257203842,0.2497331910352187,0.4866595517609391,0.4866595517609391,1.4,1.8,1.8,0.4,6.0,12.0,0.4,0.8,-0.40000000000000013,1.4,-6.0,-0.4
118,2025-11-23,14:00,2025-11-23 14:00:00,Leeds,Aston Villa,1,2,A,3,3.0,3.3,2.4,0.31654676258992803,0.2877697841726619,0.3956834532374101,0.3956834532374101,0.8,2.2,1.8,0.8,3.0,12.0,0.2,0.8,-1.0,1.4000000000000001,-9.0,-0.6000000000000001
119,2025-11-23,16:30,2025-11-23 16:30:00,Arsenal,Tottenham,4,1,H,5,1.42,4.75,7.5,0.6719162580158431,0.20086759713315727,0.1272161448509996,0.6719162580158431,1.6,0.4,1.6,1.2,13.0,7.0,0.8,0.4,0.0,-0.7999999999999999,6.0,0.4
120,2025-11-24,20:00,2025-11-24 20:00:00,Man United,Everton,0,1,A,1,1.75,4.0,4.33,0.5429892624813857,0.23755780233560622,0.21945293518300807,0.5429892624813857,2.4,1.4,1.0,1.4,11.0,7.0,0.6,0.4,1.4,0.0,4.0,0.19999999999999996
121,2025-11-29,15:00,2025-11-29 15:00:00,Brentford,Burnley,3,1,H,4,1.45,4.5,7.0,0.6538661131292164,0.21069019200830302,0.13544369486248053,0.6538661131292164,1.8,1.4,1.4,1.8,9.0,6.0,0.6,0.4,0.40000000000000013,-0.40000000000000013,3.0,0.19999999999999996
122,2025-11-29,15:00,2025-11-29 15:00:00,Man City,Leeds,3,2,H,5,1.22,6.5,12.0,0.7755791985681615,0.14557024957740877,0.07885055185442974,0.7755791985681615,1.8,0.8,0.8,2.2,9.0,3.0,0.6,0.2,1.0,-1.4000000000000001,6.0,0.39999999999999997
123,2025-11-29,15:00,2025-11-29 15:00:00,Sunderland,Bournemouth,3,2,H,5,3.2,3.3,2.3,0.29753038024304196,0.28851430811446493,0.4139553116424932,0.4139553116424932,1.4,1.0,1.6,2.4,8.0,5.0,0.4,0.2,-0.20000000000000018,-1.4,3.0,0.2
124,2025-11-29,17:30,2025-11-29 17:30:00,Everton,Newcastle,1,4,A,5,2.8,3.25,2.63,0.34174279831277615,0.2944245647002379,0.36383263698698604,0.36383263698698604,0.8,1.2,1.4,2.0,7.0,6.0,0.4,0.4,-0.5999999999999999,-0.8,1.0,0.0
125,2025-11-29,20:00,2025-11-29 20:00:00,Tottenham,Fulham,1,2,A,3,2.2,3.3,3.3,0.4285714285714286,0.28571428571428575,0.28571428571428575,0.4285714285714286,1.4,1.8,1.0,1.0,4.0,6.0,0.2,0.4,0.3999999999999999,0.8,-2.0,-0.2
126,2025-11-30,12:00,2025-11-30 12:00:00,Crystal Palace,Man United,1,2,A,3,2.3,3.4,3.1,0.41349548842683415,0.2797175362887407,0.3067869752844253,0.41349548842683415,1.4,0.8,2.0,1.6,8.0,8.0,0.4,0.4,-0.6000000000000001,-0.8,0.0,0.0
127,2025-11-30,14:05,2025-11-30 14:05:00,Aston Villa,Wolves,1,0,H,1,1.5,4.33,6.5,0.6340391980175715,0.2196440639783735,0.14631673800405498,0.6340391980175715,1.8,0.8,0.4,2.6,12.0,0.0,0.8,0.0,1.4,-1.8,12.0,0.8
128,2025-11-30,14:05,2025-11-30 14:05:00,Nottingham Forest,Brighton,0,2,A,2,2.75,3.3,2.63,0.34734756768655073,0.28945630640545894,0.36319612590799033,0.36319612590799033,1.6,1.6,1.8,1.2,7.0,10.0,0.4,0.6,-0.19999999999999996,0.40000000000000013,-3.0,-0.19999999999999996
129,2025-11-30,14:05,2025-11-30 14:05:00,West Ham,Liverpool,0,2,A,2,4.33,4.33,1.67,0.21773142112125163,0.21773142112125163,0.5645371577574968,0.5645371577574968,1.8,1.8,1.0,2.2,7.0,3.0,0.4,0.2,0.8,-0.40000000000000013,4.0,0.2
130,2025-11-30,16:30,2025-11-30 16:30:00,Chelsea,Arsenal,1,1,D,2,3.4,3.3,2.2,0.2796610169491525,0.288135593220339,0.43220338983050843,0.43220338983050843,2.0,0.4,2.0,0.6,12.0,13.0,0.8,0.8,0.0,-0.19999999999999996,-1.0,0.0
131,2025-12-02,19:30,2025-12-02 19:30:00,Bournemouth,Everton,0,1,A,1,2.2,3.25,3.3,0.42669584245076586,0.2888402625820569,0.2844638949671772,0.42669584245076586,1.4,2.4,1.0,1.6,4.0,7.0,0.2,0.4,0.3999999999999999,0.7999999999999998,-3.0,-0.2
132,2025-12-02,19:30,2025-12-02 19:30:00,Fulham,Man City,4,5,A,9,4.33,4.1,1.73,0.21934693801817737,0.2316517662484654,0.5490012957333573,0.5490012957333573,1.4,1.0,2.0,1.2,9.0,9.0,0.6,0.6,-0.6000000000000001,-0.19999999999999996,0.0,0.0
133,2025-12-02,20:15,2025-12-02 20:15:00,Newcastle,Tottenham,2,2,D,4,1.83,3.8,4.1,0.5186936112128375,0.24979192329460334,0.23151446549255922,0.5186936112128375,2.0,1.8,1.4,1.8,9.0,4.0,0.6,0.2,0.6000000000000001,0.0,5.0,0.39999999999999997
134,2025-12-03,19:30,2025-12-03 19:30:00,Arsenal,Brentford,2,0,H,2,1.36,5.0,8.5,0.6983240223463686,0.18994413407821228,0.11173184357541899,0.6983240223463686,2.0,0.8,2.0,1.6,11.0,9.0,0.6,0.6,0.0,-0.8,2.0,0.0
135,2025-12-03,19:30,2025-12-03 19:30:00,Brighton,Aston Villa,3,4,A,7,2.15,3.5,3.4,0.44510940714419295,0.27342435010286137,0.2814662427529456,0.44510940714419295,1.8,1.0,1.6,0.6,10.0,12.0,0.6,0.8,0.19999999999999996,0.4,-2.0,-0.20000000000000007
136,2025-12-03,19:30,2025-12-03 19:30:00,Burnley,Crystal Palace,0,1,A,1,4.5,3.8,1.75,0.2102766798418972,0.24901185770750986,0.5407114624505929,0.5407114624505929,1.2,2.4,1.0,0.6,3.0,7.0,0.2,0.4,0.19999999999999996,1.7999999999999998,-4.0,-0.2
137,2025-12-03,19:30,2025-12-03 19:30:00,Wolves,Nottingham Forest,0,1,A,1,3.25,3.4,2.25,0.2940893801057184,0.2811148486304661,0.4247957712638154,0.4247957712638154,0.4,2.4,1.6,1.4,0.0,7.0,0.0,0.4,-1.2000000000000002,1.0,-7.0,-0.4
138,2025-12-03,20:15,2025-12-03 20:15:00,Leeds,Chelsea,3,1,H,4,4.1,4.1,1.8,0.2337662337662338,0.2337662337662338,0.5324675324675325,0.5324675324675325,1.2,2.4,1.6,0.6,3.0,10.0,0.2,0.6,-0.40000000000000013,1.7999999999999998,-7.0,-0.39999999999999997
139,2025-12-03,20:15,2025-12-03 20:15:00,Liverpool,Sunderland,1,1,D,2,1.36,5.25,7.0,0.6880733944954128,0.1782437745740498,0.13368283093053734,0.6880733944954128,1.2,1.8,1.6,1.4,6.0,8.0,0.4,0.4,-0.40000000000000013,0.40000000000000013,-2.0,0.0
140,2025-12-04,20:00,2025-12-04 20:00:00,Man United,West Ham,1,1,D,2,1.45,5.0,6.0,0.6528835690968444,0.18933623503808486,0.15778019586507072,0.6528835690968444,2.0,1.6,1.8,1.8,8.0,7.0,0.4,0.4,0.19999999999999996,-0.19999999999999996,1.0,0.0
141,2025-12-06,12:30,2025-12-06 12:30:00,Aston Villa,Arsenal,2,1,H,3,4.2,3.5,1.9,0.22673031026252988,0.27207637231503584,0.5011933174224344,0.5011933174224344,2.2,1.2,2.2,0.8,12.0,11.0,0.8,0.6,0.0,0.3999999999999999,1.0,0.20000000000000007
142,2025-12-06,15:00,2025-12-06 15:00:00,Bournemouth,Chelsea,0,0,D,0,3.1,3.75,2.15,0.3059482022578503,0.25291718053315626,0.44113461720899344,0.44113461720899344,1.0,2.6,1.6,0.8,1.0,10.0,0.0,0.6,-0.6000000000000001,1.8,-9.0,-0.6
143,2025-12-06,15:00,2025-12-06 15:00:00,Everton,Nottingham Forest,3,0,H,3,2.2,3.2,3.5,0.4317656129529684,0.2968388589051658,0.27139552814186585,0.4317656129529684,1.2,1.0,1.8,1.0,10.0,10.0,0.6,0.6,-0.6000000000000001,0.0,0.0,0.0
144,2025-12-06,15:00,2025-12-06 15:00:00,Man City,Sunderland,3,0,H,3,1.25,6.5,10.0,0.759124087591241,0.14598540145985403,0.09489051094890512,0.759124087591241,3.0,1.8,1.4,1.4,12.0,6.0,0.8,0.2,1.6,0.40000000000000013,6.0,0.6000000000000001
145,2025-12-06,15:00,2025-12-06 15:00:00,Newcastle,Burnley,2,1,H,3,1.27,6.0,9.5,0.7433005150942166,0.1573319423616092,0.09936754254417422,0.7433005150942166,2.0,2.0,0.6,2.2,7.0,0.0,0.4,0.0,1.4,-0.20000000000000018,7.0,0.4
146,2025-12-06,15:00,2025-12-06 15:00:00,Tottenham,Brentford,2,0,H,2,2.3,3.5,3.0,0.41257367387033406,0.27111984282907664,0.3163064833005894,0.41257367387033406,1.2,2.2,1.4,1.6,2.0,6.0,0.0,0.4,-0.19999999999999996,0.6000000000000001,-4.0,-0.4
147,2025-12-06,17:30,2025-12-06 17:30:00,Leeds,Liverpool,3,3,D,6,3.8,4.0,1.85,0.249746878164023,0.23725953425582186,0.5129935875801553,0.5129935875801553,1.4,2.4,1.0,1.4,3.0,7.0,0.2,0.4,0.3999999999999999,1.0,-4.0,-0.2
148,2025-12-07,14:00,2025-12-07 14:00:00,Brighton,West Ham,1,1,D,2,1.55,4.33,5.75,0.6144269091716742,0.21994496748639608,0.16562812334192958,0.6144269091716742,2.0,1.0,1.8,1.6,10.0,8.0,0.6,0.4,0.19999999999999996,-0.6000000000000001,2.0,0.19999999999999996
149,2025-12-07,16:30,2025-12-07 16:30:00,Fulham,Crystal Palace,1,2,A,3,2.55,3.3,2.8,0.37265577737447064,0.2879612825166364,0.33938294010889286,0.37265577737447064,2.0,1.6,1.2,0.4,9.0,10.0,0.6,0.6,0.8,1.2000000000000002,-1.0,0.0
150,2025-12-08,20:00,2025-12-08 20:00:00,Wolves,Man United,1,4,A,5,4.2,4.0,1.75,0.2247191011235955,0.23595505617977527,0.5393258426966292,0.5393258426966292,0.0,2.0,1.4,1.4,0.0,6.0,0.0,0.2,-1.4,0.6000000000000001,-6.0,-0.2
151,2025-12-13,15:00,2025-12-13 15:00:00,Chelsea,Everton,2,0,H,2,1.67,3.8,5.25,0.5689677299756157,0.2500463444892837,0.1809859255351006,0.5689677299756157,1.4,0.8,1.6,0.8,8.0,12.0,0.4,0.8,-0.20000000000000018,0.0,-4.0,-0.4
152,2025-12-13,15:00,2025-12-13 15:00:00,Liverpool,Brighton,2,0,H,2,1.67,4.0,4.75,0.5652658981033842,0.23599851245816286,0.19873558943845293,0.5652658981033842,1.2,2.0,1.6,1.2,5.0,8.0,0.2,0.4,-0.40000000000000013,0.8,-3.0,-0.2
153,2025-12-13,17:30,2025-12-13 17:30:00,Burnley,Fulham,2,3,A,5,4.0,3.5,1.91,0.23601059135039718,0.26972639011473964,0.4942630185348632,0.4942630185348632,0.8,2.2,1.6,2.0,0.0,6.0,0.0,0.4,-0.8,0.20000000000000018,-6.0,-0.4
154,2025-12-13,20:00,2025-12-13 20:00:00,Arsenal,Wolves,2,1,H,3,1.13,8.5,21.0,0.8426369580097717,0.1120211485354167,0.04534189345481152,0.8426369580097717,2.0,1.2,0.2,2.2,8.0,0.0,0.4,0.0,1.8,-1.0000000000000002,8.0,0.4
155,2025-12-14,14:00,2025-12-14 14:00:00,Crystal Palace,Man City,0,3,A,3,3.9,3.9,1.85,0.24342105263157898,0.24342105263157898,0.513157894736842,0.513157894736842,1.2,0.6,3.0,1.6,10.0,12.0,0.6,0.8,-1.8,-1.0,-2.0,-0.20000000000000007
156,2025-12-14,14:00,2025-12-14 14:00:00,Nottingham Forest,Tottenham,3,0,H,3,2.55,3.3,2.8,0.37265577737447064,0.2879612825166364,0.33938294010889286,0.37265577737447064,1.4,1.2,1.6,2.0,9.0,5.0,0.6,0.2,-0.20000000000000018,-0.8,4.0,0.39999999999999997
157,2025-12-14,14:00,2025-12-14 14:00:00,Sunderland,Newcastle,1,0,H,1,3.3,3.3,2.25,0.28846153846153844,0.28846153846153844,0.423076923076923,0.423076923076923,1.2,1.8,2.2,1.6,5.0,10.0,0.2,0.6,-1.0000000000000002,0.19999999999999996,-5.0,-0.39999999999999997
158,2025-12-14,14:00,2025-12-14 14:00:00,West Ham,Aston Villa,2,3,A,5,3.75,3.5,2.0,0.25339366515837103,0.27149321266968324,0.4751131221719457,0.4751131221719457,1.4,1.6,2.6,1.0,6.0,15.0,0.2,1.0,-1.2000000000000002,0.6000000000000001,-9.0,-0.8
159,2025-12-14,16:30,2025-12-14 16:30:00,Brentford,Leeds,1,1,D,2,1.91,3.6,4.0,0.49799419006778256,0.2642135841748513,0.23779222575736617,0.49799419006778256,1.4,1.6,2.0,2.4,6.0,4.0,0.4,0.2,-0.6000000000000001,-0.7999999999999998,2.0,0.2
160,2025-12-15,20:00,2025-12-15 20:00:00,Man United,Bournemouth,4,4,D,8,1.83,4.0,3.8,0.5157087602632829,0.23593675782045195,0.2483544819162652,0.5157087602632829,1.8,1.2,0.8,2.0,8.0,2.0,0.4,0.0,1.0,-0.8,6.0,0.4
161,2025-12-20,12:30,2025-12-20 12:30:00,Newcastle,Chelsea,2,2,D,4,2.75,3.6,2.45,0.346459785917706,0.26465678090935874,0.3888834331729352,0.3888834331729352,2.0,1.2,1.2,0.8,10.0,8.0,0.6,0.4,0.8,0.3999999999999999,2.0,0.19999999999999996
162,2025-12-20,15:00,2025-12-20 15:00:00,Bournemouth,Burnley,1,1,D,2,1.48,4.33,6.5,0.6371481479804588,0.21777811986399054,0.14507373215555064,0.6371481479804588,1.6,2.0,0.8,2.2,3.0,0.0,0.0,0.0,0.8,-0.20000000000000018,3.0,0.0
163,2025-12-20,15:00,2025-12-20 15:00:00,Brighton,Sunderland,0,0,D,0,1.67,4.0,5.25,0.5761712051581042,0.24055147815350847,0.1832773166883874,0.5761712051581042,1.6,1.6,1.0,1.4,7.0,7.0,0.4,0.4,0.6000000000000001,0.20000000000000018,0.0,0.0
164,2025-12-20,15:00,2025-12-20 15:00:00,Man City,West Ham,3,0,H,3,1.22,8.0,10.0,0.7846214201647704,0.11965476657512748,0.095723813260102,0.7846214201647704,3.0,1.6,1.2,1.8,12.0,3.0,0.8,0.0,1.8,-0.19999999999999996,9.0,0.8
165,2025-12-20,15:00,2025-12-20 15:00:00,Wolves,Brentford,0,2,A,2,3.5,3.6,2.05,0.2717731541152642,0.2642238998342847,0.46400294605045117,0.46400294605045117,0.4,2.0,1.0,1.6,0.0,4.0,0.0,0.2,-0.6,0.3999999999999999,-4.0,-0.2
166,2025-12-20,17:30,2025-12-20 17:30:00,Tottenham,Liverpool,1,2,A,3,3.5,3.75,2.0,0.27149321266968324,0.25339366515837103,0.4751131221719457,0.4751131221719457,1.2,2.2,1.6,1.4,4.0,8.0,0.2,0.4,-0.40000000000000013,0.8000000000000003,-4.0,-0.2
167,2025-12-20,20:00,2025-12-20 20:00:00,Everton,Arsenal,0,1,A,1,5.75,4.1,1.57,0.1648842838663405,0.23124015420279465,0.6038755619308649,0.6038755619308649,1.2,1.2,2.0,1.0,9.0,10.0,0.6,0.6,-0.8,0.19999999999999996,-1.0,0.0
168,2025-12-20,20:00,2025-12-20 20:00:00,Leeds,Crystal Palace,4,1,H,5,2.6,3.3,2.75,0.3658536585365854,0.2882483370288249,0.34589800443458985,0.3658536585365854,2.0,2.0,1.2,1.2,5.0,9.0,0.2,0.6,0.8,0.8,-4.0,-0.39999999999999997
169,2025-12-21,16:30,2025-12-21 16:30:00,Aston Villa,Man United,2,1,H,3,2.1,3.6,3.3,0.45051194539249145,0.2627986348122867,0.2866894197952219,0.45051194539249145,2.4,1.4,2.2,1.6,15.0,8.0,1.0,0.4,0.19999999999999973,-0.20000000000000018,7.0,0.6
170,2025-12-22,20:00,2025-12-22 20:00:00,Fulham,Nottingham Forest,1,0,H,1,2.4,3.25,3.0,0.393939393939394,0.2909090909090909,0.3151515151515151,0.393939393939394,2.2,2.0,1.4,1.0,9.0,9.0,0.6,0.6,0.8000000000000003,1.0,0.0,0.0
171,2025-12-26,20:00,2025-12-26 20:00:00,Man United,Newcastle,1,0,H,1,2.55,3.6,2.6,0.3718712753277712,0.2634088200238379,0.3647199046483909,0.3718712753277712,2.4,1.8,2.0,1.4,8.0,8.0,0.4,0.4,0.3999999999999999,0.40000000000000013,0.0,0.0
172,2025-12-27,12:30,2025-12-27 12:30:00,Nottingham Forest,Man City,1,2,A,3,5.0,4.33,1.6,0.1894034665646017,0.2187107004210181,0.5918858330143802,0.5918858330143802,0.8,1.2,3.4,1.2,6.0,15.0,0.4,1.0,-2.5999999999999996,0.0,-9.0,-0.6
173,2025-12-27,15:00,2025-12-27 15:00:00,Arsenal,Brighton,2,1,H,3,1.42,4.75,7.0,0.6658656253129068,0.1990587764093321,0.13507559827776108,0.6658656253129068,1.4,0.8,1.2,1.4,10.0,5.0,0.6,0.2,0.19999999999999996,-0.5999999999999999,5.0,0.39999999999999997
174,2025-12-27,15:00,2025-12-27 15:00:00,Brentford,Bournemouth,4,1,H,5,2.25,3.6,3.0,0.42105263157894735,0.2631578947368421,0.3157894736842105,0.42105263157894735,1.2,1.2,1.4,1.8,7.0,3.0,0.4,0.0,-0.19999999999999996,-0.6000000000000001,4.0,0.4
175,2025-12-27,15:00,2025-12-27 15:00:00,Burnley,Everton,0,0,D,0,4.1,3.4,1.95,0.23210222300017505,0.27988797479432875,0.4880098022054963,0.4880098022054963,1.0,2.0,1.0,1.4,1.0,6.0,0.0,0.4,0.0,0.6000000000000001,-5.0,-0.4
176,2025-12-27,15:00,2025-12-27 15:00:00,Liverpool,Wolves,2,1,H,3,1.25,6.5,10.0,0.759124087591241,0.14598540145985403,0.09489051094890512,0.759124087591241,2.0,1.0,0.4,2.0,11.0,0.0,0.6,0.0,1.6,-1.0,11.0,0.6
177,2025-12-27,15:00,2025-12-27 15:00:00,West Ham,Fulham,0,1,A,1,2.63,3.4,2.6,0.3590576766856215,0.27774167343623074,0.3632006498781478,0.3632006498781478,0.8,2.0,2.2,2.0,2.0,9.0,0.0,0.6,-1.4000000000000001,0.0,-7.0,-0.6
178,2025-12-27,17:30,2025-12-27 17:30:00,Chelsea,Aston Villa,1,2,A,3,1.83,3.9,4.0,0.5190138736400838,0.24353727916957785,0.23744884719033837,0.5190138736400838,1.2,1.2,2.4,1.4,6.0,15.0,0.2,1.0,-1.2,-0.19999999999999996,-9.0,-0.8
179,2025-12-28,14:00,2025-12-28 14:00:00,Sunderland,Leeds,1,1,D,2,2.5,3.1,2.88,0.3739006616969595,0.30153279169109637,0.324566546611944,0.3739006616969595,1.0,1.2,2.6,1.8,8.0,8.0,0.4,0.4,-1.6,-0.6000000000000001,0.0,0.0
180,2025-12-28,16:30,2025-12-28 16:30:00,Crystal Palace,Tottenham,0,1,A,1,2.25,3.25,3.2,0.41746111389864526,0.28901154039136984,0.29352734570998495,0.41746111389864526,1.0,2.0,1.2,1.8,6.0,4.0,0.4,0.2,-0.19999999999999996,0.19999999999999996,2.0,0.2
181,2025-12-30,19:30,2025-12-30 19:30:00,Burnley,Newcastle,1,3,A,4,5.25,4.2,1.6,0.18079096045197737,0.22598870056497172,0.5932203389830508,0.5932203389830508,0.8,1.4,1.2,1.4,2.0,5.0,0.0,0.2,-0.3999999999999999,0.0,-3.0,-0.2
182,2025-12-30,19:30,2025-12-30 19:30:00,Chelsea,Bournemouth,2,2,D,4,1.5,4.75,5.75,0.6342525399129173,0.20029027576197386,0.16545718432510886,0.6342525399129173,1.2,1.4,1.2,2.0,5.0,3.0,0.2,0.0,0.0,-0.6000000000000001,2.0,0.2
183,2025-12-30,19:30,2025-12-30 19:30:00,Nottingham Forest,Everton,0,2,A,2,2.1,3.25,3.7,0.45172802404207363,0.291885800150263,0.2563861758076634,0.45172802404207363,1.0,1.2,0.8,0.6,6.0,7.0,0.4,0.4,0.19999999999999996,0.6,-1.0,0.0
184,2025-12-30,19:30,2025-12-30 19:30:00,West Ham,Brighton,2,2,D,4,3.4,3.75,2.0,0.27726432532347506,0.2513863216266174,0.47134935304990755,0.47134935304990755,0.8,1.8,1.0,1.8,2.0,2.0,0.0,0.0,-0.19999999999999996,0.0,0.0,0.0
185,2025-12-30,20:15,2025-12-30 20:15:00,Arsenal,Aston Villa,4,1,H,5,1.42,4.75,7.0,0.6658656253129068,0.1990587764093321,0.13507559827776108,0.6658656253129068,1.6,0.8,2.6,1.6,12.0,15.0,0.8,1.0,-1.0,-0.8,-3.0,-0.19999999999999996
186,2025-12-30,20:15,2025-12-30 20:15:00,Man United,Wolves,1,1,D,2,1.36,5.25,8.0,0.6997667444185273,0.18127290903032325,0.11896034655114963,0.6997667444185273,2.2,1.6,0.6,2.2,8.0,0.0,0.4,0.0,1.6,-0.6000000000000001,8.0,0.4
187,2026-01-01,17:30,2026-01-01 17:30:00,Crystal Palace,Fulham,1,1,D,2,2.15,3.3,3.4,0.43785365853658537,0.28526829268292686,0.27687804878048783,0.43785365853658537,0.8,1.8,2.0,1.8,6.0,9.0,0.4,0.6,-1.2,0.0,-3.0,-0.19999999999999996
188,2026-01-01,17:30,2026-01-01 17:30:00,Liverpool,Leeds,0,0,D,0,1.55,4.5,5.5,0.6149068322981366,0.21180124223602484,0.17329192546583852,0.6149068322981366,2.0,1.2,2.4,1.4,11.0,9.0,0.6,0.4,-0.3999999999999999,-0.19999999999999996,2.0,0.19999999999999996
189,2026-01-01,20:00,2026-01-01 20:00:00,Brentford,Tottenham,0,0,D,0,2.1,3.6,3.2,0.44651162790697674,0.26046511627906976,0.2930232558139535,0.44651162790697674,1.4,1.2,1.2,1.4,7.0,7.0,0.4,0.4,0.19999999999999996,-0.19999999999999996,0.0,0.0
190,2026-01-01,20:00,2026-01-01 20:00:00,Sunderland,Man City,0,0,D,0,7.5,4.75,1.38,0.12478583666476298,0.1970302684180468,0.6781838949171902,0.6781838949171902,0.6,1.0,3.2,1.0,6.0,15.0,0.2,1.0,-2.6,0.0,-9.0,-0.8
191,2026-01-03,12:30,2026-01-03 12:30:00,Aston Villa,Nottingham Forest,3,1,H,4,1.75,3.9,4.5,0.5441860465116279,0.24418604651162798,0.21162790697674422,0.5441860465116279,2.0,1.8,0.8,1.6,12.0,3.0,0.8,0.2,1.2,0.19999999999999996,9.0,0.6000000000000001
192,2026-01-03,15:00,2026-01-03 15:00:00,Brighton,Burnley,2,0,H,2,1.48,4.33,7.0,0.643819671016857,0.2200584556824361,0.1361218733007069,0.643819671016857,0.8,1.4,1.0,1.8,3.0,2.0,0.0,0.0,-0.19999999999999996,-0.40000000000000013,1.0,0.0
193,2026-01-03,15:00,2026-01-03 15:00:00,Wolves,West Ham,3,0,H,3,2.5,3.3,2.88,0.38086078384226973,0.28853089685020433,0.33060831930752577,0.38086078384226973,0.8,2.2,1.0,2.0,1.0,2.0,0.0,0.0,-0.19999999999999996,0.20000000000000018,-1.0,0.0
194,2026-01-03,17:30,2026-01-03 17:30:00,Bournemouth,Arsenal,2,3,A,5,6.5,4.75,1.44,0.14530005310674457,0.19883165161975572,0.6558682952734998,0.6558682952734998,1.6,2.2,2.0,1.0,4.0,12.0,0.0,0.8,-0.3999999999999999,1.2000000000000002,-8.0,-0.8
195,2026-01-04,12:30,2026-01-04 12:30:00,Leeds,Man United,1,1,D,2,2.7,3.3,2.63,0.3515188335358444,0.28760631834750905,0.3608748481166464,0.3608748481166464,1.8,1.2,2.2,1.6,7.0,8.0,0.2,0.4,-0.40000000000000013,-0.40000000000000013,-1.0,-0.2
196,2026-01-04,15:00,2026-01-04 15:00:00,Everton,Brentford,2,4,A,6,2.35,3.25,3.1,0.4030403040304031,0.29142914291429145,0.3055305530553056,0.4030403040304031,1.0,0.6,1.4,0.8,7.0,8.0,0.4,0.4,-0.3999999999999999,-0.20000000000000007,-1.0,0.0
197,2026-01-04,15:00,2026-01-04 15:00:00,Newcastle,Crystal Palace,2,0,H,2,1.7,3.9,4.75,0.5574781823653325,0.24300331026181163,0.1995185073728558,0.5574781823653325,1.4,1.2,0.8,2.0,7.0,4.0,0.4,0.2,0.5999999999999999,-0.8,3.0,0.2
198,2026-01-04,15:00,2026-01-04 15:00:00,Tottenham,Sunderland,1,1,D,2,1.8,3.6,4.5,0.5263157894736842,0.2631578947368421,0.21052631578947367,0.5263157894736842,0.8,1.0,0.4,0.8,7.0,6.0,0.4,0.2,0.4,0.19999999999999996,1.0,0.2
199,2026-01-04,15:15,2026-01-04 15:15:00,Fulham,Liverpool,2,2,D,4,3.8,3.75,1.91,0.24982124483353968,0.25315219476465356,0.49702656040180676,0.49702656040180676,1.4,1.0,1.8,1.0,10.0,11.0,0.6,0.6,-0.40000000000000013,0.0,-1.0,0.0
200,2026-01-04,17:30,2026-01-04 17:30:00,Man City,Chelsea,1,1,D,2,1.6,4.75,4.5,0.5908776779543885,0.1990324809951624,0.21008984105044923,0.5908776779543885,2.2,0.2,1.4,1.2,13.0,6.0,0.8,0.2,0.8000000000000003,-1.0,7.0,0.6000000000000001
201,2026-01-06,20:00,2026-01-06 20:00:00,West Ham,Nottingham Forest,1,2,A,3,2.88,3.25,2.2,0.312965070471855,0.2773352009104439,0.40969972861770115,0.40969972861770115,0.8,2.4,1.0,1.6,1.0,3.0,0.0,0.2,-0.19999999999999996,0.7999999999999998,-2.0,-0.2
202,2026-01-07,19:30,2026-01-07 19:30:00,Bournemouth,Tottenham,3,2,H,5,2.1,3.6,3.3,0.45051194539249145,0.2627986348122867,0.2866894197952219,0.45051194539249145,2.0,2.8,0.6,1.2,3.0,5.0,0.0,0.2,1.4,1.5999999999999999,-2.0,-0.2
203,2026-01-07,19:30,2026-01-07 19:30:00,Brentford,Sunderland,3,0,H,3,1.85,3.5,4.33,0.511293669135136,0.2702552251142862,0.21845110575057775,0.511293669135136,2.2,0.8,0.6,0.4,11.0,7.0,0.6,0.2,1.6,0.4,4.0,0.39999999999999997
204,2026-01-07,19:30,2026-01-07 19:30:00,Crystal Palace,Aston Villa,0,0,D,0,3.1,3.3,2.3,0.30420841683366734,0.28577154308617236,0.41002004008016035,0.41002004008016035,0.4,2.2,2.2,1.8,1.0,12.0,0.0,0.8,-1.8000000000000003,0.40000000000000013,-11.0,-0.8
205,2026-01-07,19:30,2026-01-07 19:30:00,Everton,Wolves,1,1,D,2,1.75,3.5,5.0,0.5405405405405405,0.27027027027027023,0.1891891891891892,0.5405405405405405,0.8,1.4,1.2,1.4,4.0,4.0,0.2,0.2,-0.3999999999999999,0.0,0.0,0.0
206,2026-01-07,19:30,2026-01-07 19:30:00,Fulham,Chelsea,2,1,H,3,3.4,3.6,2.05,0.2775479503572772,0.2621286197818729,0.46032342986085,0.46032342986085,1.6,1.0,1.6,1.4,11.0,6.0,0.6,0.2,0.0,-0.3999999999999999,5.0,0.39999999999999997
207,2026-01-07,19:30,2026-01-07 19:30:00,Man City,Brighton,1,1,D,2,1.4,5.25,6.5,0.6747404844290658,0.17993079584775085,0.1453287197231834,0.6747404844290658,1.8,0.4,1.0,1.2,11.0,5.0,0.6,0.2,0.8,-0.7999999999999999,6.0,0.39999999999999997
208,2026-01-07,20:15,2026-01-07 20:15:00,Burnley,Man United,2,2,D,4,4.75,4.0,1.7,0.2007380073800738,0.23837638376383766,0.5608856088560886,0.5608856088560886,0.8,1.8,1.6,1.6,2.0,6.0,0.0,0.2,-0.8,0.19999999999999996,-4.0,-0.2
209,2026-01-07,20:15,2026-01-07 20:15:00,Newcastle,Leeds,4,3,H,7,1.67,3.8,5.0,0.5638651471984806,0.24780389363722696,0.18833095916429252,0.5638651471984806,1.4,1.0,1.4,0.8,7.0,7.0,0.4,0.2,0.0,0.19999999999999996,0.0,0.2
210,2026-01-08,20:00,2026-01-08 20:00:00,Arsenal,Liverpool,0,0,D,0,1.6,4.1,5.0,0.5847119224187108,0.2281802624073018,0.18710781517398747,0.5847119224187108,2.4,1.0,1.6,0.8,15.0,11.0,1.0,0.6,0.7999999999999998,0.19999999999999996,4.0,0.4
211,2026-01-17,12:30,2026-01-17 12:30:00,Man United,Man City,2,0,H,2,3.7,3.8,1.91,0.25569843227056543,0.24896952615818213,0.49533204157125243,0.49533204157125243,1.2,1.2,1.4,0.6,6.0,9.0,0.2,0.4,-0.19999999999999996,0.6,-3.0,-0.2
212,2026-01-17,15:00,2026-01-17 15:00:00,Chelsea,Brentford,2,0,H,2,1.73,4.0,4.75,0.5565726839985353,0.2407176858293665,0.2027096301720981,0.5565726839985353,1.4,1.8,2.6,0.6,3.0,13.0,0.0,0.8,-1.2000000000000002,1.2000000000000002,-10.0,-0.8
213,2026-01-17,15:00,2026-01-17 15:00:00,Leeds,Fulham,1,0,H,1,2.15,3.3,3.5,0.44134505158578524,0.28754298815437523,0.2711119602598395,0.44134505158578524,1.8,1.4,1.4,0.8,6.0,11.0,0.2,0.6,0.40000000000000013,0.5999999999999999,-5.0,-0.39999999999999997
214,2026-01-17,15:00,2026-01-17 15:00:00,Liverpool,Burnley,1,1,D,2,1.22,6.5,11.0,0.7700592353257942,0.14453419493807215,0.08540656973613354,0.7700592353257942,1.2,0.8,0.8,1.6,9.0,3.0,0.4,0.0,0.3999999999999999,-0.8,6.0,0.4
215,2026-01-17,15:00,2026-01-17 15:00:00,Sunderland,Crystal Palace,2,1,H,3,2.75,3.1,2.75,0.3463687150837989,0.30726256983240224,0.3463687150837989,0.3463687150837989,0.4,1.0,0.4,1.6,4.0,2.0,0.0,0.0,0.0,-0.6000000000000001,2.0,0.0
216,2026-01-17,15:00,2026-01-17 15:00:00,Tottenham,West Ham,1,2,A,3,1.73,4.0,4.5,0.5503745604647607,0.238036997401009,0.21158844213423023,0.5503745604647607,1.0,1.2,0.6,2.2,5.0,1.0,0.2,0.0,0.4,-1.0000000000000002,4.0,0.2
217,2026-01-17,17:30,2026-01-17 17:30:00,Nottingham Forest,Arsenal,0,0,D,0,6.0,4.33,1.53,0.15854770503220061,0.21969658895916944,0.6217557060086298,0.6217557060086298,0.8,1.8,2.0,0.8,3.0,13.0,0.2,0.8,-1.2,1.0,-10.0,-0.6000000000000001
218,2026-01-18,14:00,2026-01-18 14:00:00,Wolves,Newcastle,0,0,D,0,4.75,4.0,1.7,0.2007380073800738,0.23837638376383766,0.5608856088560886,0.5608856088560886,1.2,1.2,2.2,1.4,5.0,10.0,0.2,0.6,-1.0000000000000002,-0.19999999999999996,-5.0,-0.39999999999999997
219,2026-01-18,16:30,2026-01-18 16:30:00,Aston Villa,Everton,0,1,A,1,1.67,3.9,5.25,0.5726391743927508,0.24520703108612663,0.1821537945211226,0.5726391743927508,1.6,1.4,1.0,1.2,10.0,5.0,0.6,0.2,0.6000000000000001,0.19999999999999996,5.0,0.39999999999999997
220,2026-01-19,20:00,2026-01-19 20:00:00,Brighton,Bournemouth,1,1,D,2,1.85,3.9,3.8,0.509891622226045,0.2418716669533804,0.24823671082057458,0.509891622226045,1.2,1.0,1.8,2.4,6.0,5.0,0.2,0.2,-0.6000000000000001,-1.4,1.0,0.0
221,2026-01-24,12:30,2026-01-24 12:30:00,West Ham,Sunderland,3,1,H,4,2.5,3.2,2.88,0.3774574049803408,0.2948885976408912,0.327653997378768,0.3774574049803408,1.0,1.8,0.8,1.2,4.0,6.0,0.2,0.2,0.19999999999999996,0.6000000000000001,-2.0,0.0
222,2026-01-24,15:00,2026-01-24 15:00:00,Burnley,Tottenham,2,2,D,4,3.7,3.5,2.05,0.2589317935763262,0.273727896066402,0.4673403103572718,0.4673403103572718,0.8,1.6,1.0,1.2,3.0,5.0,0.0,0.2,-0.19999999999999996,0.40000000000000013,-2.0,-0.2
223,2026-01-24,15:00,2026-01-24 15:00:00,Fulham,Brighton,2,1,H,3,2.6,3.4,2.7,0.36661341853035134,0.28035143769968046,0.353035143769968,0.36661341853035134,1.2,1.0,1.4,1.2,8.0,6.0,0.4,0.2,-0.19999999999999996,-0.19999999999999996,2.0,0.2
224,2026-01-24,15:00,2026-01-24 15:00:00,Man City,Wolves,2,0,H,2,1.2,7.0,11.0,0.7809330628803246,0.13387423935091278,0.08519269776876268,0.7809330628803246,0.8,1.0,1.2,0.8,6.0,6.0,0.2,0.2,-0.3999999999999999,0.19999999999999996,0.0,0.0
225,2026-01-24,17:30,2026-01-24 17:30:00,Bournemouth,Liverpool,3,2,H,5,3.75,3.8,1.9,0.25249169435215946,0.24916943521594684,0.4983388704318937,0.4983388704318937,1.8,2.4,1.0,0.8,5.0,7.0,0.2,0.2,0.8,1.5999999999999999,-2.0,0.0
226,2026-01-25,14:00,2026-01-25 14:00:00,Brentford,Nottingham Forest,0,2,A,2,1.91,3.5,4.1,0.4971246449109679,0.27128802050855677,0.2315873345804753,0.4971246449109679,2.2,1.0,0.8,1.6,10.0,4.0,0.6,0.2,1.4000000000000001,-0.6000000000000001,6.0,0.39999999999999997
227,2026-01-25,14:00,2026-01-25 14:00:00,Crystal Palace,Chelsea,1,3,A,4,3.5,3.8,2.0,0.27240143369175623,0.25089605734767023,0.4767025089605735,0.4767025089605735,0.4,1.2,1.4,1.4,2.0,5.0,0.0,0.2,-0.9999999999999999,-0.19999999999999996,-3.0,-0.2
228,2026-01-25,14:00,2026-01-25 14:00:00,Newcastle,Aston Villa,0,2,A,2,1.95,3.7,3.7,0.48684210526315796,0.256578947368421,0.256578947368421,0.48684210526315796,1.8,1.0,1.2,1.4,10.0,7.0,0.6,0.4,0.6000000000000001,-0.3999999999999999,3.0,0.19999999999999996
229,2026-01-25,16:30,2026-01-25 16:30:00,Arsenal,Man United,2,3,A,5,1.55,4.2,6.0,0.6144842721287491,0.22677395757132407,0.15874177029992684,0.6144842721287491,1.8,0.8,1.4,0.8,11.0,9.0,0.6,0.4,0.40000000000000013,0.0,2.0,0.19999999999999996
230,2026-01-26,20:00,2026-01-26 20:00:00,Everton,Leeds,1,1,D,2,2.5,3.25,2.9,0.3800403225806452,0.2923387096774194,0.3276209677419355,0.3800403225806452,1.2,1.0,1.2,1.2,8.0,6.0,0.4,0.2,0.0,-0.19999999999999996,2.0,0.2
231,2026-01-31,15:00,2026-01-31 15:00:00,Brighton,Everton,1,1,D,2,1.85,3.6,4.1,0.5088777796931563,0.26150663678676095,0.2296155835200828,0.5088777796931563,1.4,1.2,1.4,1.2,6.0,8.0,0.2,0.4,0.0,0.0,-2.0,-0.2
232,2026-01-31,15:00,2026-01-31 15:00:00,Leeds,Arsenal,0,4,A,4,5.75,4.2,1.55,0.16450818118642996,0.22521953376713624,0.6102722850464337,0.6102722850464337,1.2,1.2,1.8,1.2,6.0,8.0,0.2,0.4,-0.6000000000000001,0.0,-2.0,-0.2
233,2026-01-31,15:00,2026-01-31 15:00:00,Wolves,Bournemouth,0,2,A,2,2.9,3.5,2.3,0.3236831523924407,0.268194611982308,0.40812223562525135,0.40812223562525135,1.0,0.8,2.2,2.0,6.0,8.0,0.2,0.4,-1.2000000000000002,-1.2,-2.0,-0.2
234,2026-01-31,17:30,2026-01-31 17:30:00,Chelsea,West Ham,3,2,H,5,1.5,4.5,6.0,0.631578947368421,0.21052631578947367,0.15789473684210525,0.631578947368421,1.8,1.2,1.6,1.8,8.0,7.0,0.4,0.4,0.19999999999999996,-0.6000000000000001,1.0,0.0
235,2026-01-31,20:00,2026-01-31 20:00:00,Liverpool,Newcastle,4,1,H,5,1.8,3.9,4.1,0.5261599210266535,0.24284304047384012,0.23099703849950645,0.5261599210266535,1.0,1.2,1.8,1.2,4.0,10.0,0.0,0.6,-0.8,0.0,-6.0,-0.6
236,2026-02-01,14:00,2026-02-01 14:00:00,Aston Villa,Brentford,0,1,A,1,2.1,3.5,3.4,0.45092838196286467,0.2705570291777188,0.27851458885941643,0.45092838196286467,1.2,1.2,1.4,1.2,7.0,7.0,0.4,0.4,-0.19999999999999996,0.0,0.0,0.0
237,2026-02-01,14:00,2026-02-01 14:00:00,Man United,Fulham,3,2,H,5,1.57,4.5,5.0,0.6013630896699185,0.2098089001737271,0.18882801015635442,0.6013630896699185,1.8,1.2,1.4,1.2,9.0,8.0,0.4,0.4,0.40000000000000013,0.0,1.0,0.0
238,2026-02-01,14:00,2026-02-01 14:00:00,Nottingham Forest,Crystal Palace,1,1,D,2,1.95,3.5,3.9,0.48611111111111116,0.2708333333333333,0.24305555555555558,0.48611111111111116,1.0,1.2,0.6,1.6,7.0,2.0,0.4,0.0,0.4,-0.40000000000000013,5.0,0.4
239,2026-02-01,16:30,2026-02-01 16:30:00,Tottenham,Man City,2,2,D,4,4.5,4.1,1.73,0.2128240518482957,0.23358737397983678,0.5535885741718676,0.5535885741718676,1.2,1.6,0.8,0.8,3.0,6.0,0.0,0.2,0.3999999999999999,0.8,-3.0,-0.2
240,2026-02-02,20:00,2026-02-02 20:00:00,Sunderland,Burnley,3,0,H,3,1.8,3.5,4.75,0.5281969817315331,0.27164416203335984,0.20015885623510724,0.5281969817315331,0.8,1.6,1.2,2.0,5.0,3.0,0.2,0.0,-0.3999999999999999,-0.3999999999999999,2.0,0.2
241,2026-02-06,20:00,2026-02-06 20:00:00,Leeds,Nottingham Forest,3,1,H,4,2.2,3.3,3.4,0.43220338983050843,0.288135593220339,0.2796610169491525,0.43220338983050843,1.2,2.0,1.2,1.0,5.0,8.0,0.2,0.4,0.0,1.0,-3.0,-0.2
242,2026-02-07,12:30,2026-02-07 12:30:00,Man United,Tottenham,2,0,H,2,1.57,4.5,5.0,0.6013630896699185,0.2098089001737271,0.18882801015635442,0.6013630896699185,2.2,1.4,1.6,2.0,11.0,3.0,0.6,0.0,0.6000000000000001,-0.6000000000000001,8.0,0.6
243,2026-02-07,15:00,2026-02-07 15:00:00,Arsenal,Sunderland,3,0,H,3,1.22,6.25,12.0,0.7710892921400297,0.1505166298257338,0.07839407803423636,0.7710892921400297,1.8,1.0,1.4,1.6,8.0,7.0,0.4,0.4,0.40000000000000013,-0.6000000000000001,1.0,0.0
244,2026-02-07,15:00,2026-02-07 15:00:00,Bournemouth,Aston Villa,1,1,D,2,2.7,3.5,2.5,0.3507014028056112,0.2705410821643286,0.3787575150300601,0.3787575150300601,2.2,1.6,1.0,0.6,10.0,7.0,0.6,0.4,1.2000000000000002,1.0,3.0,0.19999999999999996
245,2026-02-07,15:00,2026-02-07 15:00:00,Burnley,West Ham,0,2,A,2,3.3,3.5,2.15,0.28754298815437523,0.2711119602598395,0.44134505158578524,0.44134505158578524,1.0,2.0,1.6,2.0,3.0,6.0,0.0,0.4,-0.6000000000000001,0.0,-3.0,-0.4
246,2026-02-07,15:00,2026-02-07 15:00:00,Fulham,Everton,1,2,A,3,2.1,3.25,3.75,0.4532775453277545,0.2928870292887029,0.25383542538354253,0.4532775453277545,1.6,1.6,1.2,1.4,7.0,6.0,0.4,0.2,0.40000000000000013,0.20000000000000018,1.0,0.2
247,2026-02-07,15:00,2026-02-07 15:00:00,Wolves,Chelsea,1,3,A,4,5.0,4.0,1.67,0.19069369112189552,0.2383671139023694,0.5709391949757351,0.5709391949757351,0.8,1.0,2.0,1.2,5.0,10.0,0.2,0.6,-1.2,-0.19999999999999996,-5.0,-0.39999999999999997
248,2026-02-07,17:30,2026-02-07 17:30:00,Newcastle,Brentford,2,3,A,5,2.1,3.5,3.5,0.4545454545454546,0.27272727272727276,0.27272727272727276,0.4545454545454546,1.4,1.8,1.6,1.2,7.0,9.0,0.4,0.6,-0.20000000000000018,0.6000000000000001,-2.0,-0.19999999999999996
249,2026-02-08,14:00,2026-02-08 14:00:00,Brighton,Crystal Palace,0,1,A,1,1.95,3.5,3.9,0.48611111111111116,0.2708333333333333,0.24305555555555558,0.48611111111111116,1.2,1.0,0.6,1.6,6.0,2.0,0.2,0.0,0.6,-0.6000000000000001,4.0,0.2
250,2026-02-08,16:30,2026-02-08 16:30:00,Liverpool,Man City,1,2,A,3,2.38,3.7,2.75,0.3986131787197368,0.256405233879182,0.3449815874010813,0.3986131787197368,1.8,1.4,1.2,1.2,6.0,6.0,0.2,0.2,0.6000000000000001,0.19999999999999996,0.0,0.0
251,2026-02-10,19:30,2026-02-10 19:30:00,Chelsea,Leeds,2,2,D,4,1.55,4.33,5.5,0.6098357297414951,0.2183014736949925,0.17186279656351228,0.6098357297414951,2.4,1.2,1.6,2.0,12.0,7.0,0.8,0.4,0.7999999999999998,-0.8,5.0,0.4
252,2026-02-10,19:30,2026-02-10 19:30:00,Everton,Bournemouth,1,2,A,3,2.38,3.4,3.0,0.40106951871657753,0.2807486631016043,0.3181818181818181,0.40106951871657753,1.2,0.8,2.0,1.2,9.0,11.0,0.4,0.6,-0.8,-0.3999999999999999,-2.0,-0.19999999999999996
253,2026-02-10,19:30,2026-02-10 19:30:00,Tottenham,Newcastle,1,2,A,3,3.2,3.6,2.2,0.2990936555891239,0.26586102719033233,0.4350453172205438,0.4350453172205438,1.4,2.2,1.4,2.4,2.0,4.0,0.0,0.2,0.0,-0.19999999999999973,-2.0,-0.2
254,2026-02-10,20:15,2026-02-10 20:15:00,West Ham,Man United,1,1,D,2,4.5,4.2,1.7,0.21193232413178983,0.22707034728406053,0.5609973285841496,0.5609973285841496,2.0,1.4,2.4,1.2,9.0,13.0,0.6,0.8,-0.3999999999999999,0.19999999999999996,-4.0,-0.20000000000000007
255,2026-02-11,19:30,2026-02-11 19:30:00,Aston Villa,Brighton,1,0,H,1,1.91,3.7,3.8,0.49533204157125243,0.25569843227056543,0.24896952615818213,0.49533204157125243,0.6,0.6,0.8,1.2,5.0,3.0,0.2,0.0,-0.20000000000000007,-0.6,2.0,0.2
256,2026-02-11,19:30,2026-02-11 19:30:00,Crystal Palace,Burnley,2,3,A,5,1.57,4.0,6.25,0.6083835249741437,0.2387905335523514,0.1528259414735049,0.6083835249741437,0.8,1.2,1.0,2.0,5.0,3.0,0.2,0.0,-0.19999999999999996,-0.8,2.0,0.2
257,2026-02-11,19:30,2026-02-11 19:30:00,Man City,Fulham,3,0,H,3,1.36,5.5,7.0,0.6936936936936937,0.17153153153153156,0.13477477477477479,0.6936936936936937,1.4,1.2,1.4,1.6,8.0,6.0,0.4,0.4,0.0,-0.40000000000000013,2.0,0.0
258,2026-02-11,19:30,2026-02-11 19:30:00,Nottingham Forest,Wolves,0,0,D,0,1.7,3.8,5.0,0.5594817432273262,0.2502944640753828,0.19022379269729095,0.5594817432273262,1.2,1.0,0.4,1.6,8.0,2.0,0.4,0.0,0.7999999999999999,-0.6000000000000001,6.0,0.4
259,2026-02-11,20:15,2026-02-11 20:15:00,Sunderland,Liverpool,0,1,A,1,4.75,3.8,1.73,0.20017356089094587,0.25021695111368236,0.5496094879953717,0.5496094879953717,1.2,2.0,1.6,1.4,6.0,5.0,0.4,0.2,-0.40000000000000013,0.6000000000000001,1.0,0.2
260,2026-02-12,20:00,2026-02-12 20:00:00,Brentford,Arsenal,1,1,D,2,4.75,3.9,1.7,0.1995185073728558,0.24300331026181163,0.5574781823653325,0.5574781823653325,1.4,1.2,1.8,0.6,9.0,8.0,0.6,0.4,-0.40000000000000013,0.6,1.0,0.19999999999999996
261,2026-02-18,20:00,2026-02-18 20:00:00,Wolves,Arsenal,2,2,D,4,11.0,5.25,1.29,0.08604097189137686,0.1802763220581229,0.7336827060505002,0.7336827060505002,0.2,1.4,2.0,0.8,2.0,8.0,0.0,0.4,-1.8,0.5999999999999999,-6.0,-0.4
262,2026-02-21,15:00,2026-02-21 15:00:00,Aston Villa,Leeds,1,1,D,2,1.85,3.6,4.33,0.5151610291323099,0.2647355288596593,0.22010344200803078,0.5151610291323099,0.8,0.6,1.4,1.6,7.0,8.0,0.4,0.4,-0.5999999999999999,-1.0,-1.0,0.0
263,2026-02-21,15:00,2026-02-21 15:00:00,Brentford,Brighton,0,2,A,2,2.0,3.7,3.5,0.47349177330895803,0.25594149908592323,0.27056672760511885,0.47349177330895803,1.0,1.4,0.6,1.2,7.0,2.0,0.4,0.0,0.4,0.19999999999999996,5.0,0.4
264,2026-02-21,15:00,2026-02-21 15:00:00,Chelsea,Burnley,1,1,D,2,1.22,6.5,12.0,0.7755791985681615,0.14557024957740877,0.07885055185442974,0.7755791985681615,2.6,1.2,1.2,2.0,13.0,5.0,0.8,0.2,1.4000000000000001,-0.8,8.0,0.6000000000000001
265,2026-02-21,17:30,2026-02-21 17:30:00,West Ham,Bournemouth,0,0,D,0,2.5,3.7,2.63,0.3807716387541087,0.2572781342933166,0.3619502269525748,0.3807716387541087,2.0,1.2,1.8,1.0,10.0,11.0,0.6,0.6,0.19999999999999996,0.19999999999999996,-1.0,0.0
266,2026-02-21,20:00,2026-02-21 20:00:00,Man City,Newcastle,2,1,H,3,1.45,5.0,5.5,0.6436512580456407,0.18665886483323582,0.16968987712112346,0.6436512580456407,1.8,1.0,1.0,2.0,10.0,4.0,0.6,0.2,0.8,-1.0,6.0,0.39999999999999997
267,2026-02-22,14:00,2026-02-22 14:00:00,Crystal Palace,Wolves,1,0,H,1,1.65,4.0,5.0,0.5738880918220947,0.23672883787661403,0.18938307030129126,0.5738880918220947,1.2,1.8,0.6,1.8,4.0,2.0,0.2,0.0,0.6,0.0,2.0,0.2
268,2026-02-22,14:00,2026-02-22 14:00:00,Nottingham Forest,Liverpool,0,1,A,1,4.1,3.9,1.8,0.23099703849950645,0.24284304047384012,0.5261599210266535,0.5261599210266535,0.8,0.8,1.8,1.4,6.0,7.0,0.2,0.4,-1.0,-0.5999999999999999,-1.0,-0.2
269,2026-02-22,14:00,2026-02-22 14:00:00,Sunderland,Fulham,1,3,A,4,2.7,3.25,2.7,0.3532608695652174,0.29347826086956524,0.3532608695652174,0.3532608695652174,1.2,1.6,1.0,2.0,6.0,3.0,0.4,0.2,0.19999999999999996,-0.3999999999999999,3.0,0.2
270,2026-02-22,16:30,2026-02-22 16:30:00,Tottenham,Arsenal,1,4,A,5,6.0,4.0,1.57,0.15818639798488665,0.23727959697732998,0.6045340050377834,0.6045340050377834,1.2,2.0,2.4,1.2,2.0,8.0,0.0,0.4,-1.2,0.8,-6.0,-0.4
271,2026-02-23,20:00,2026-02-23 20:00:00,Everton,Man United,0,1,A,1,3.7,3.75,1.91,0.2548524257681154,0.25145439342454057,0.49369318080734403,0.49369318080734403,1.2,1.0,2.2,1.0,8.0,13.0,0.4,0.8,-1.0000000000000002,0.0,-5.0,-0.4
272,2026-02-27,20:00,2026-02-27 20:00:00,Wolves,Aston Villa,2,0,H,2,4.1,3.7,1.85,0.23125000000000004,0.25625,0.5125,0.5125,0.6,1.6,1.0,0.6,2.0,8.0,0.0,0.4,-0.4,1.0,-6.0,-0.4
273,2026-02-28,12:30,2026-02-28 12:30:00,Bournemouth,Sunderland,1,1,D,2,1.8,3.75,4.33,0.5275084060230983,0.25320403489108717,0.21928755908581452,0.5275084060230983,1.6,0.8,1.0,2.0,11.0,3.0,0.6,0.2,0.6000000000000001,-1.2,8.0,0.39999999999999997
274,2026-02-28,15:00,2026-02-28 15:00:00,Burnley,Brentford,3,4,A,7,4.5,3.9,1.73,0.21030484383766596,0.24265943519730693,0.5470357209650272,0.5470357209650272,1.2,2.0,1.0,1.4,5.0,7.0,0.2,0.4,0.19999999999999996,0.6000000000000001,-2.0,-0.2
275,2026-02-28,15:00,2026-02-28 15:00:00,Liverpool,West Ham,5,2,H,7,1.42,4.75,6.5,0.6590181430096052,0.19701173959445034,0.1439701173959445,0.6590181430096052,1.8,1.2,1.6,1.0,9.0,8.0,0.6,0.4,0.19999999999999996,0.19999999999999996,1.0,0.19999999999999996
276,2026-02-28,15:00,2026-02-28 15:00:00,Newcastle,Everton,2,3,A,5,1.7,4.0,4.75,0.5608856088560886,0.23837638376383766,0.2007380073800738,0.5608856088560886,1.2,2.4,1.0,1.2,3.0,5.0,0.2,0.2,0.19999999999999996,1.2,-2.0,0.0
277,2026-02-28,17:30,2026-02-28 17:30:00,Leeds,Man City,0,1,A,1,4.75,4.33,1.62,0.19884287540642515,0.21813017509942711,0.5830269494941478,0.5830269494941478,1.4,1.8,2.2,0.8,6.0,13.0,0.2,0.8,-0.8000000000000003,1.0,-7.0,-0.6000000000000001
278,2026-03-01,14:00,2026-03-01 14:00:00,Brighton,Nottingham Forest,2,1,H,3,2.0,3.6,3.5,0.4701492537313433,0.2611940298507463,0.26865671641791045,0.4701492537313433,0.8,1.0,0.8,1.0,4.0,5.0,0.2,0.2,0.0,0.0,-1.0,0.0
279,2026-03-01,14:00,2026-03-01 14:00:00,Fulham,Tottenham,2,1,H,3,2.1,3.6,3.3,0.45051194539249145,0.2627986348122867,0.2866894197952219,0.45051194539249145,1.6,2.0,1.2,2.4,6.0,2.0,0.4,0.0,0.40000000000000013,-0.3999999999999999,4.0,0.4
280,2026-03-01,14:00,2026-03-01 14:00:00,Man United,Crystal Palace,2,1,H,3,1.53,4.5,5.5,0.6179775280898876,0.21011235955056176,0.17191011235955056,0.6179775280898876,2.0,1.0,1.2,1.4,13.0,7.0,0.8,0.4,0.8,-0.3999999999999999,6.0,0.4
281,2026-03-01,16:30,2026-03-01 16:30:00,Arsenal,Chelsea,2,1,H,3,1.6,3.8,5.5,0.5841252096143097,0.24594745667970933,0.169927333705981,0.5841252096143097,2.8,0.8,2.4,1.4,11.0,11.0,0.6,0.6,0.3999999999999999,-0.5999999999999999,0.0,0.0
282,2026-03-03,19:30,2026-03-03 19:30:00,Bournemouth,Brentford,0,0,D,0,2.5,3.6,2.63,0.37806972008145995,0.26254841672323603,0.35938186319530413,0.37806972008145995,1.2,0.6,1.8,1.6,9.0,10.0,0.4,0.6,-0.6000000000000001,-1.0,-1.0,-0.19999999999999996
283,2026-03-03,19:30,2026-03-03 19:30:00,Everton,Burnley,2,0,H,2,1.57,4.0,6.0,0.6045340050377834,0.23727959697732998,0.15818639798488665,0.6045340050377834,1.4,1.4,1.4,2.4,7.0,4.0,0.4,0.2,0.0,-1.0,3.0,0.2
284,2026-03-03,19:30,2026-03-03 19:30:00,Leeds,Sunderland,0,1,A,1,1.85,3.4,4.33,0.5072616073735894,0.2760099922473943,0.21672840037901628,0.5072616073735894,1.2,1.8,1.0,1.6,5.0,4.0,0.2,0.2,0.19999999999999996,0.19999999999999996,1.0,0.0
285,2026-03-03,20:15,2026-03-03 20:15:00,Wolves,Liverpool,2,1,H,3,5.5,4.5,1.5,0.16981132075471697,0.20754716981132074,0.6226415094339622,0.6226415094339622,1.0,1.2,2.4,1.0,5.0,12.0,0.2,0.8,-1.4,0.19999999999999996,-7.0,-0.6000000000000001
286,2026-03-04,19:30,2026-03-04 19:30:00,Aston Villa,Chelsea,1,4,A,5,2.7,3.4,2.55,0.35051546391752575,0.27835051546391754,0.3711340206185567,0.3711340206185567,0.6,1.0,2.0,1.6,5.0,8.0,0.2,0.4,-1.4,-0.6000000000000001,-3.0,-0.2
287,2026-03-04,19:30,2026-03-04 19:30:00,Brighton,Arsenal,0,1,A,1,4.75,4.1,1.65,0.19851808377962,0.22999046291541345,0.5714914533049666,0.5714914533049666,1.0,0.8,2.4,1.0,7.0,11.0,0.4,0.6,-1.4,-0.19999999999999996,-4.0,-0.19999999999999996
288,2026-03-04,19:30,2026-03-04 19:30:00,Fulham,West Ham,0,1,A,1,2.0,3.5,3.7,0.473491773308958,0.2705667276051188,0.2559414990859232,0.473491773308958,1.6,2.0,1.4,1.8,6.0,5.0,0.4,0.2,0.20000000000000018,0.19999999999999996,1.0,0.2
289,2026-03-04,19:30,2026-03-04 19:30:00,Man City,Nottingham Forest,2,2,D,4,1.38,5.0,7.5,0.6849315068493151,0.18904109589041096,0.12602739726027395,0.6849315068493151,2.0,0.8,0.6,1.4,13.0,2.0,0.8,0.0,1.4,-0.5999999999999999,11.0,0.8
290,2026-03-04,20:15,2026-03-04 20:15:00,Newcastle,Man United,2,1,H,3,2.63,3.5,2.6,0.3619297617627173,0.2719643638388418,0.3661058743984409,0.3661058743984409,1.6,2.6,1.8,0.8,3.0,13.0,0.2,0.8,-0.19999999999999996,1.8,-10.0,-0.6000000000000001
291,2026-03-05,20:00,2026-03-05 20:00:00,Tottenham,Crystal Palace,1,3,A,4,2.35,3.25,3.1,0.4030403040304031,0.29142914291429145,0.3055305530553056,0.4030403040304031,1.0,2.4,1.2,1.2,1.0,7.0,0.0,0.4,-0.19999999999999996,1.2,-6.0,-0.4
